idINS,osm_id,name,brand,shop,lon,lat
r200N2278000E3948800,88770900,Decathlon,Decathlon,sports,5.406397256,43.50843808
r200N2253800E3962600,92610653,Decathlon,Decathlon,sports,5.593468339,43.29773872
r200N2269400E3947600,92763690,Decathlon,Decathlon,sports,5.398165696,43.43146243
r200N2271200E3919200,99122281,Decathlon,Decathlon,sports,5.048136049,43.4310997
r200N2248200E3946200,153535990,Decathlon,Decathlon,sports,5.396603647,43.23964135
r200N2282200E3912600,179260570,Decathlon,Decathlon,sports,4.958728181,43.52668081
r200N2270800E3936200,402366234,Decathlon,Decathlon,sports,5.256370644,43.43639995
r200N2253400E3953600,491899564,Decathlon,Decathlon,sports,5.482225704,43.29093852
r200N2255800E3944000,3762543157,Decathlon,Decathlon,sports,5.3641746,43.30706319
r200N2268200E3944600,67538304,Intersport,Intersport,sports,5.362188893,43.41843856
r200N2293200E3924600,3955878872,Intersport,Intersport,sports,5.0977137,43.63163779
r200N2253600E3953000,5339348051,Intersport,Intersport,sports,5.4760124,43.29148369
r200N2262200E3943400,8983934149,Intersport,Intersport,sports,5.3509466,43.36439759
r200N2296400E3957600,11178434290,Intersport,Intersport,sports,5.5033023,43.68036269
r200N2281800E3913000,11942334591,Intersport,Intersport,sports,4.9638592,43.52247159
r200N2280600E3950000,11966032039,Intersport,Intersport,sports,5.4201475,43.53330949
r200N2279200E3913800,2345340218,Sport 2000,Sport 2000,sports,4.9760738,43.49941219
r200N2241600E3962600,3055123928,Sport 2000,Sport 2000,sports,5.6027895,43.18897089
r200N2292600E3925800,3703453639,Sport 2000,Sport 2000,sports,5.1136275,43.62780359
r200N2254000E3953200,5339348052,Sport 2000,Sport 2000,sports,5.4778202,43.29485519
r200N2268600E3944200,5471312394,Sport 2000,Sport 2000,sports,5.3579807,43.42134779
r200N2294000E3924800,11163378753,Sport 2000,Sport 2000,sports,5.0987399,43.63911189
r200N2253800E3953600,50803186,Leroy Merlin,Leroy Merlin,doityourself,5.482911688,43.29286497
r200N2268800E3945000,67542349,Leroy Merlin,Leroy Merlin,doityourself,5.366120582,43.42382018
r200N2253400E3962800,92603348,Leroy Merlin,Leroy Merlin,doityourself,5.596816877,43.29452088
r200N2270600E3919400,99100019,Leroy Merlin,Leroy Merlin,doityourself,5.051057071,43.42554995
r200N2270600E3919400,257070714,Leroy Merlin,Leroy Merlin,doityourself,5.049983186,43.42554058
r200N2253200E3962800,623150612,Leroy Merlin matériaux,Leroy Merlin,doityourself,5.595625496,43.29361275
r200N2262200E3943600,8988095767,Leroy Merlin,Leroy Merlin,doityourself,5.3536046,43.36309889
r200N2277800E3948800,88763975,Castorama,Castorama,doityourself,5.40768626,43.50708754
r200N2277800E3948800,88768862,Castorama,Castorama,doityourself,5.407024509,43.50728536
r200N2277800E3948800,88772984,Castorama,Castorama,doityourself,5.407893768,43.50772814
r200N2270000E3937000,101237022,Castorama,Castorama,doityourself,5.266473748,43.43042387
r200N2252800E3948800,231940931,Castorama,Castorama,doityourself,5.424892861,43.28290258
r200N2267800E3944200,1798709424,Castorama,Castorama,doityourself,5.3588884,43.41489149
r200N2270400E3936200,2172322465,Castorama,Castorama,doityourself,5.2582834,43.43434639
r200N2252200E3945800,154611132,Bricorama,Bricorama,doityourself,5.389174092,43.27473589
r200N2279800E3951800,305970068,Bricorama,Bricorama,doityourself,5.4429903,43.52723349
r200N2253800E3944000,7188418940,Bricorama,Bricorama,doityourself,5.3654534,43.28853569
r200N2255800E3947800,50133490,Weldom,Weldom,doityourself,5.411403161,43.3083235
r200N2263800E3963600,158277419,Weldom,Weldom,doityourself,5.59875717,43.38924686
r200N2281800E3912600,179260548,Weldom,Weldom,doityourself,4.959435846,43.52198128
r200N2249600E3946400,799549617,Weldom,Weldom,doityourself,5.3987206,43.25169149
r200N2249600E3948200,1801732968,Weldom,Weldom,doityourself,5.4205344,43.25216319
r200N2254800E3946600,1897947126,Weldom,Weldom,doityourself,5.396948,43.29868429
r200N2293200E3924600,2595613132,Weldom,Weldom,doityourself,5.0970861,43.63141839
r200N2258600E3951600,4846567029,Weldom Croix-Rouge,Weldom,doityourself,5.4548245,43.33505829
r200N2269000E3959200,156552719,Mr.Bricolage,Mr.Bricolage,doityourself,5.540790448,43.43442318
r200N2298000E3956600,800350380,Mr.Bricolage,Mr.Bricolage,doityourself,5.489539434,43.69289619
r200N2254200E3944800,2039908805,Mr.Bricolage,Mr.Bricolage,doityourself,5.3748084,43.29301079
r200N2253400E3945600,5217832543,Mr.Bricolage,Mr.Bricolage,doityourself,5.385244,43.28588349
r200N2280400E3952000,6856030530,Mr.Bricolage,Mr.Bricolage,doityourself,5.445838,43.53255399
r200N2241400E3962800,12584881445,Mr.Bricolage,Mr.Bricolage,doityourself,5.6047015,43.18754039
r200N2244600E3957800,76018152,Spar,Spar,supermarket,5.539719994,43.21352198
r200N2269800E3971000,129067051,Spar,Spar,supermarket,5.684863952,43.44779695
r200N2251400E3947200,153559837,Spar,Spar,supermarket,5.406648955,43.26946821
r200N2264200E3959800,286223664,Spar,Spar,supermarket,5.551427455,43.39127394
r200N2266400E3935400,1094328224,Spar,Spar,supermarket,5.250230101,43.39777222
r200N2249000E3946600,308239320,Spar,Spar,supermarket,5.4010833,43.24738009
r200N2269200E3919200,890588172,Spar,Spar,supermarket,5.0505947,43.41221469
r200N2254400E3944800,997670266,Spar,Spar,supermarket,5.3746669,43.29336439
r200N2300800E3930000,1833549586,Spar,Spar,supermarket,5.1576466,43.70340089
r200N2256800E3947600,1936436849,Spar,Spar,supermarket,5.4068121,43.31812059
r200N2254200E3945600,2028322671,Spar,Spar,supermarket,5.3857663,43.29376429
r200N2253800E3944200,2425979807,Spar,Spar,supermarket,5.3668616,43.28900089
r200N2253600E3946000,2608216161,Spar,Spar,supermarket,5.3894934,43.28727309
r200N2295400E3945000,3469865805,Spar,Spar,supermarket,5.3475432,43.66392239
r200N2260000E3943800,3823091151,Spar,Spar,supermarket,5.3593471,43.34363219
r200N2280400E3914600,3883692708,Spar,Spar,supermarket,4.9832466,43.51013689
r200N2240200E3971400,4500111027,Spar,Spar,supermarket,5.7114967,43.18124259
r200N2240600E3970600,4500111028,Spar,Spar,supermarket,5.7001874,43.18372339
r200N2261000E3919000,5300871444,Spar,Spar,supermarket,5.0530737,43.33841999
r200N2250800E3971200,6654456457,Spar,Spar,supermarket,5.7001106,43.27560819
r200N2254200E3944800,6801358085,Spar,Spar,supermarket,5.3751237,43.29281089
r200N2255000E3945800,6829712712,Spar,Spar,supermarket,5.3857514,43.29986589
r200N2283800E3951400,8933836479,Spar,Spar,supermarket,5.4345281,43.56194699
r200N2270600E3893000,9031317113,Spar,Spar,supermarket,4.7265733,43.40914049
r200N2254000E3944600,11003405937,Spar,Spar,supermarket,5.3719245,43.29099199
r200N2261400E3943800,159863961,Supeco,Supeco,supermarket,5.356823651,43.35706753
r200N2271600E3954000,446232882,Supeco,Supeco,supermarket,5.4758498,43.45396149
r200N2247400E3946600,40254512,E.Leclerc,E.Leclerc,supermarket,5.401541457,43.23298945
r200N2292000E3959800,85491772,Centre Commercial E.Leclerc,Centre Commercial E.Leclerc,supermarket,5.533529265,43.64176213
r200N2281600E3913000,98792771,Centre Commercial E.Leclerc,Centre Commercial E.Leclerc,supermarket,4.964494971,43.52100412
r200N2268200E3932000,485887758,E. Leclerc,E.Leclerc,supermarket,5.207879877,43.41111218
r200N2292800E3926000,1335046156,E.Leclerc,E.Leclerc,supermarket,5.115245723,43.62935992
r200N2294200E3938200,27408562,Carrefour Contact,Carrefour Contact,supermarket,5.26562367,43.64857598
r200N2286800E3955200,66532624,Carrefour Market,Carrefour Market,supermarket,5.47917347,43.59184113
r200N2253200E3945600,69125351,Carrefour Market,Carrefour Market,supermarket,5.384400554,43.28347422
r200N2287600E3916200,86076074,Carrefour Market,Carrefour Market,supermarket,4.999336725,43.57684916
r200N2305200E3924400,86421689,Carrefour Contact,Carrefour Contact,supermarket,5.086951082,43.7402405
r200N2288000E3927600,104817650,Carrefour Contact,Carrefour Contact,supermarket,5.139115825,43.58683648
r200N2276200E3933600,110076942,Carrefour Contact,Carrefour Contact,supermarket,5.221686275,43.48497135
r200N2265400E3933600,114702171,Carrefour Market,Carrefour Market,supermarket,5.22939553,43.3873492
r200N2249200E3945800,154483244,Carrefour,Carrefour,supermarket,5.389665682,43.2484508
r200N2251000E3945800,154561822,Carrefour contact,Carrefour Contact,supermarket,5.38997742,43.26441585
r200N2252000E3947800,154570290,Carrefour Market,Carrefour Market,supermarket,5.413063764,43.27380362
r200N2253400E3947800,154597268,Carrefour Market,Carrefour Market,supermarket,5.413189503,43.28635165
r200N2241400E3962600,155885282,Carrefour,Carrefour,supermarket,5.601217662,43.18694773
r200N2250600E3972400,156584372,Carrefour Contact,Carrefour Contact,supermarket,5.71665325,43.27566849
r200N2256600E3950200,158106346,Carrefour Market,Carrefour Market,supermarket,5.439715825,43.31770655
r200N2256400E3952000,158121699,Carrefour Market,Carrefour Market,supermarket,5.462410356,43.31578192
r200N2266600E3926000,199843292,Carrefour,Carrefour,supermarket,5.13509229,43.3936284
r200N2269400E3915400,200840428,Carrefour,Carrefour,supermarket,5.001866023,43.4124124
r200N2300400E3982000,215761847,Carrefour Market,Carrefour Market,supermarket,5.802150843,43.72880108
r200N2277600E3947800,295843621,Carrefour,Carrefour,supermarket,5.396086771,43.50574998
r200N2295400E3924800,353399290,Carrefour Market,Carrefour Market,supermarket,5.098369667,43.65254501
r200N2266200E3928200,674927684,Carrefour Contact,Carrefour Contact,supermarket,5.163368201,43.39088274
r200N2296600E3957600,799042065,,Carrefour Drive,supermarket,5.501922851,43.68065288
r200N2270400E3936200,986906241,Carrefour Drive,Carrefour,supermarket,5.258127565,43.43318888
r200N2262400E3943200,442165169,Carrefour,Carrefour,supermarket,5.3496601,43.36460019
r200N2273000E3953000,479773633,Carrefour Market,Carrefour Market,supermarket,5.4635238,43.46645509
r200N2280800E3949200,673417053,Carrefour Market,Carrefour Market,supermarket,5.409461,43.53471199
r200N2262000E3940400,1485011633,Carrefour,Carrefour,supermarket,5.3157484,43.36002799
r200N2270400E3970400,1562051033,Carrefour Market,Carrefour Market,supermarket,5.678524,43.45184399
r200N2258800E3949800,1594619880,Carrefour Market,Carrefour Market,supermarket,5.4334172,43.33583469
r200N2252400E3946200,2822222312,Carrefour Market,Carrefour Market,supermarket,5.3926593,43.27733659
r200N2269600E3915400,2862923420,Carrefour,Carrefour,supermarket,5.0023597,43.41327409
r200N2260000E3951400,3307709493,Carrefour Contact,Carrefour Contact,supermarket,5.4509281,43.34744499
r200N2253800E3943600,3621363123,Carrefour Market,Carrefour Market,supermarket,5.3592217,43.28890089
r200N2253400E3945600,4235312883,Carrefour Market,Carrefour Market,supermarket,5.3855778,43.28511439
r200N2300400E3982000,4474995996,Carrefour Market Drive,Carrefour Market,supermarket,5.8017104,43.72865669
r200N2253400E3945000,4811872517,Carrefour Market,Carrefour Market,supermarket,5.377296,43.28526799
r200N2279600E3951800,4969288798,Carrefour Market,Carrefour Market,supermarket,5.4427484,43.52532699
r200N2253400E3951600,5182286410,Carrefour Contact,Carrefour Contact,supermarket,5.4598461,43.28904969
r200N2258800E3953000,5204401261,Carrefour Market,Carrefour Market,supermarket,5.4728928,43.33813399
r200N2277200E3929800,5640353110,Carrefour Market,Carrefour Market,supermarket,5.173493,43.49061899
r200N2267600E3917800,6481568897,Carrefour,Carrefour,supermarket,5.033494,43.39773679
r200N2260600E3952600,6715448986,Carrefour Contact,Carrefour Contact,supermarket,5.466641,43.35500469
r200N2275800E3943800,6769497485,Carrefour Contact,Carrefour Contact,supermarket,5.348302,43.48589979
r200N2254600E3944800,6967474368,Carrefour Market,Carrefour Market,supermarket,5.3749647,43.29667539
r200N2277000E3934200,8124326547,Carrefour Market,Carrefour Market,supermarket,5.2288565,43.49224189
r200N2275000E3975000,8124500419,Carrefour Contact,Carrefour Contact,supermarket,5.7325217,43.49676089
r200N2270200E3936400,8380140295,Carrefour,Carrefour,supermarket,5.2596563,43.43154349
r200N2255200E3944200,9624572417,Carrefour Market Marseille Schuman,Carrefour Market,supermarket,5.3662921,43.30128489
r200N2255400E3946000,10876286007,Carrefour Market,Carrefour Market,supermarket,5.3892097,43.30422929
r200N2252600E3959000,11389795350,Carrefour Market,Carrefour Market,supermarket,5.5490226,43.28607869
r200N2258200E3947000,12609556452,Carrefour,Carrefour,supermarket,5.3988087,43.32991659
r200N2270400E3936600,101284820,Leader Price,Leader Price,supermarket,5.261560969,43.43434406
r200N2276800E3934600,110077706,Leader Price,Leader Price,supermarket,5.233115295,43.491084
r200N2276800E3934600,110080335,Leader Price,Leader Price,supermarket,5.233329317,43.49100668
r200N2258200E3949600,112834252,Leader Price,Leader Price,supermarket,5.430821189,43.33171452
r200N2274000E3910400,2868350074,Leader Price,Leader Price,supermarket,4.9367792,43.45001779
r200N2252200E3946400,4903008893,Leader Price Express,Leader Price,supermarket,5.3952927,43.27520229
r200N2270600E3947600,92764045,Super U,Super U,supermarket,5.39826473,43.44120803
r200N2252400E3947600,154588735,Super U,Super U,supermarket,5.411636316,43.27845581
r200N2262400E3972000,699275030,Super U,Super U,supermarket,5.704215163,43.38145004
r200N2283600E3931000,492647165,Super U,Super U,supermarket,5.1829596,43.54958679
r200N2253800E3943800,1472901345,Super U,Super U,supermarket,5.3634096,43.28768529
r200N2304800E3944600,1793238919,Super U,Super U,supermarket,5.3369162,43.74747939
r200N2254000E3946400,1932131603,Super U,Super U,supermarket,5.3934204,43.29202859
r200N2254200E3947000,2062986840,Super U,Super U,supermarket,5.4020597,43.29381419
r200N2262400E3940000,2291950375,Super U,Super U,supermarket,5.3098888,43.36380209
r200N2283800E3919400,86187528,Lidl,Lidl,supermarket,5.039789123,43.54456328
r200N2277400E3956400,87306579,Lidl,Lidl,supermarket,5.50193076,43.50852622
r200N2254200E3948800,94922988,Lidl,Lidl,supermarket,5.423126705,43.29545961
r200N2267600E3944400,101029416,Lidl,Lidl,supermarket,5.359535724,43.41278595
r200N2271400E3935200,101234486,Lidl,Lidl,supermarket,5.245582008,43.44222194
r200N2269200E3938400,101235070,Lidl,Lidl,supermarket,5.285768019,43.42325857
r200N2259600E3948800,112813016,Lidl,Lidl,supermarket,5.420125637,43.34400616
r200N2272200E3964800,130563239,Lidl,Lidl,supermarket,5.607926117,43.46562537
r200N2249000E3944400,154411412,Lidl,Lidl,supermarket,5.374080585,43.24554159
r200N2250200E3945200,154564934,Lidl,Lidl,supermarket,5.383033643,43.25667215
r200N2241600E3962600,155882648,Lidl,Lidl,supermarket,5.602086032,43.18938717
r200N2267600E3931800,202477167,Lidl,Lidl,supermarket,5.204662889,43.40659553
r200N2301800E3941600,217819840,Lidl,Lidl,supermarket,5.302025608,43.71956415
r200N2292000E3963400,220144511,Lidl,Lidl,supermarket,5.578311607,43.64324492
r200N2296800E3957600,336148661,Lidl,Lidl,supermarket,5.501877842,43.68290201
r200N2254600E3953000,540163688,Lidl,Lidl,supermarket,5.476042963,43.30052195
r200N2248600E3958800,665420883,Lidl,Lidl,supermarket,5.551040233,43.24949246
r200N2261400E3967800,672451524,Lidl,Lidl,supermarket,5.651999491,43.36879702
r200N2269200E3934000,993427539,Lidl,Lidl,supermarket,5.230277908,43.42182873
r200N2266400E3927000,1198081944,Lidl,Lidl,supermarket,5.146822069,43.39299648
r200N2272200E3954400,479773619,Lidl,Lidl,supermarket,5.4811362,43.46050569
r200N2260000E3924800,639254590,Lidl,Lidl,supermarket,5.1243158,43.33234899
r200N2252200E3961600,717501493,Lidl,Lidl,supermarket,5.581343,43.28396559
r200N2273000E3953200,928847709,Lidl,Lidl,supermarket,5.4651035,43.46602479
r200N2276200E3944600,1315429413,Lidl,Lidl,supermarket,5.3566013,43.49073629
r200N2283600E3930800,1327758631,Lidl,Lidl,supermarket,5.1814433,43.54930919
r200N2257400E3950600,1725856794,Lidl,Lidl,supermarket,5.4434176,43.32462069
r200N2254200E3944600,1886609583,Lidl,Lidl,supermarket,5.3723107,43.29173449
r200N2255800E3947000,2174798903,Lidl,Lidl,supermarket,5.4002876,43.30811769
r200N2279200E3914200,2345340223,Lidl,Lidl,supermarket,4.9790806,43.50019639
r200N2264000E3963600,2348408671,Lidl,Lidl,supermarket,5.5981501,43.39059839
r200N2254000E3946800,2844321781,Lidl,Lidl,supermarket,5.3995069,43.29104499
r200N2274200E3910200,2868352759,Lidl,Lidl,supermarket,4.9356576,43.45169239
r200N2252800E3947200,4169931139,Lidl,Lidl,supermarket,5.4044895,43.28182599
r200N2272800E3948400,4330917493,Lidl,Lidl,supermarket,5.407107,43.46159269
r200N2252800E3948600,5669475533,Lidl,Lidl,supermarket,5.42344,43.28210459
r200N2258000E3944200,7306650106,Lidl,Lidl,supermarket,5.3656847,43.32695679
r200N2276400E3933600,7358309335,Lidl,Lidl,supermarket,5.2210585,43.48556259
r200N2280000E3914800,10307402565,Lidl,Lidl,supermarket,4.9876938,43.50781769
r200N2294000E3922800,10719126910,Lidl,Lidl,supermarket,5.0757039,43.63747539
r200N2253000E3945800,10963972738,Lidl,Lidl,supermarket,5.3886102,43.28303799
r200N2254800E3945000,12074328142,Lidl,Lidl,supermarket,5.3756354,43.29842919
r200N2271400E3935000,12618244989,Lidl,Lidl,supermarket,5.2431242,43.44107959
r200N2294200E3937600,27405681,Intermarché,Intermarché,supermarket,5.258419094,43.64878553
r200N2240600E3970200,50836979,Intermarché,Intermarché,supermarket,5.695932836,43.18326531
r200N2282800E3940000,65712298,Intermarché,Intermarché,supermarket,5.294491313,43.54655525
r200N2303800E3931000,85843722,Intermarché,Intermarché,supermarket,5.168606669,43.73137459
r200N2290400E3916800,86083904,Intermarché,Intermarché,supermarket,5.004061682,43.60196954
r200N2280600E3953400,87182742,Intermarché,Intermarché,supermarket,5.461025396,43.53428313
r200N2278600E3953200,87801400,Intermarché,Intermarché,supermarket,5.461911756,43.51640477
r200N2252400E3958400,92582200,Intermarché,Intermarché,supermarket,5.543338081,43.28348356
r200N2254200E3950400,94920164,Intermarché,Intermarché,supermarket,5.443527804,43.29594418
r200N2269200E3917200,99119851,Intermarché,Intermarché,supermarket,5.024649637,43.41073001
r200N2293800E3923000,100385681,Intermarché,Intermarché,supermarket,5.077507919,43.63579898
r200N2265200E3944600,100687892,Intermarché,Intermarché,supermarket,5.364211267,43.39165695
r200N2271600E3952000,101049859,Intermarché,Intermarché,supermarket,5.451750518,43.45277417
r200N2267800E3899400,109133309,Intermarché Super,Intermarché Super,supermarket,4.806288879,43.38803329
r200N2259400E3948800,112807605,Intermarché,Intermarché,supermarket,5.420498431,43.34107982
r200N2267800E3944600,136064470,Intermarché Hyper,Intermarché Hyper,supermarket,5.362608281,43.41515024
r200N2249000E3948000,153536471,Intermarché Super,Intermarché Super,supermarket,5.41721108,43.24676503
r200N2241800E3962800,155883370,Intermarché,Intermarché,supermarket,5.602985418,43.19007607
r200N2258000E3963400,156105196,Intermarché,Intermarché,supermarket,5.600349311,43.33763124
r200N2269200E3959000,156551634,Intermarché Super,Intermarché Super,supermarket,5.540042604,43.43536924
r200N2254400E3949000,158103351,Intermarché,Intermarché,supermarket,5.425902722,43.29656653
r200N2262000E3930800,201003419,Intermarché,Intermarché,supermarket,5.19605487,43.35537811
r200N2268800E3933600,202482942,Intermarché,Intermarché,supermarket,5.22703428,43.41768359
r200N2293000E3928000,220730172,Intermarché,Intermarché,supermarket,5.138692973,43.63233654
r200N2260800E3942600,312639894,Intermarché,Intermarché,supermarket,5.342465652,43.35130134
r200N2275600E3910600,323008929,Intermarché Super,Intermarché,supermarket,4.939367601,43.46453681
r200N2311200E3920200,436832870,Intermarché,Intermarché,supermarket,5.029363605,43.79164713
r200N2299800E3920200,464561572,Intermarché Super,Intermarché Super,supermarket,5.037984018,43.68794118
r200N2253800E3951600,566339013,Intermarché,Intermarché,supermarket,5.459708361,43.29257028
r200N2294600E3938200,1118131190,Intermarché,Intermarché,supermarket,5.264571916,43.6521883
r200N2293400E3924000,363985033,Intermarché,Intermarché,supermarket,5.0909959,43.63366519
r200N2271000E3960400,441172452,Intermarché,Intermarché,supermarket,5.5559289,43.45160199
r200N2268800E3953600,475367941,Intermarché,Intermarché,supermarket,5.4725884,43.42851709
r200N2258400E3951400,614653712,Intermarché,Intermarché,supermarket,5.4525689,43.33398399
r200N2258200E3949800,1594619874,Intermarché,Intermarché,supermarket,5.4335224,43.33210669
r200N2256200E3947200,1594619889,Intermarché Super,Intermarché Super,supermarket,5.4027174,43.31127509
r200N2248800E3958400,1796075370,Intermarché,Intermarché,supermarket,5.5464976,43.25075309
r200N2281000E3936800,1813195461,Intermarché Super,Intermarché,supermarket,5.2577514,43.52868479
r200N2264000E3963400,2348408672,Intermarché,Intermarché,supermarket,5.5965804,43.39017179
r200N2280200E3951600,2380302913,Intermarché Super,Intermarché Super,supermarket,5.4391847,43.52963139
r200N2250800E3944600,4961327778,Intermarché,Intermarché,supermarket,5.3753576,43.26135089
r200N2253000E3949600,5182359122,Intermarché Super,Intermarché Super,supermarket,5.4348209,43.28450559
r200N2253400E3945200,5469691559,Intermarché,Intermarché,supermarket,5.3796855,43.28589769
r200N2255200E3955200,6434134358,Intermarché,Intermarché,supermarket,5.5017042,43.30672799
r200N2285800E3954800,7623628012,Intermarché,Intermarché,supermarket,5.4747099,43.58160469
r200N2250800E3947600,10772674950,Intermarché Express,Intermarché,supermarket,5.4106051,43.26400589
r200N2259200E3926800,71857302,Franprix,Franprix,supermarket,5.149296793,43.3279971
r200N2252600E3946200,2822223146,Franprix,Franprix,supermarket,5.3925692,43.27813009
r200N2252600E3947400,5527293105,Franprix,Franprix,supermarket,5.4067232,43.27859859
r200N2258400E3948800,7653826647,Franprix,Franprix,supermarket,5.4203822,43.33310829
r200N2300800E3983400,91132320,Auchan,Auchan,supermarket,5.818145065,43.73216366
r200N2253400E3962600,92571214,Auchan Drive,Auchan Drive,supermarket,5.59440632,43.29570079
r200N2279000E3914000,98765281,Auchan,Auchan,supermarket,4.97705984,43.49710315
r200N2270400E3919400,99098263,Auchan,Auchan,supermarket,5.050836969,43.42340168
r200N2268200E3899200,109133848,Auchan,Auchan,supermarket,4.803029363,43.39231854
r200N2270200E3971000,129055952,Auchan,Auchan,supermarket,5.685551289,43.45015087
r200N2252600E3948400,154606127,Auchan Drive,Auchan Drive,supermarket,5.421411328,43.27927982
r200N2253200E3962400,176223541,Auchan,Auchan,supermarket,5.591959717,43.29388725
r200N2280600E3950000,1820996291,Auchan,Auchan,supermarket,5.41969,43.53373429
r200N2252800E3945600,3459515586,Auchan,Auchan,supermarket,5.3846752,43.27988369
r200N2253400E3960600,3629676118,Auchan,Auchan,supermarket,5.5703081,43.29467689
r200N2305400E3924400,4141475746,Auchan Supermarché,Auchan,supermarket,5.0863999,43.74177169
r200N2254000E3953200,4318179186,Auchan Supermarché,Auchan Supermarché,supermarket,5.4772624,43.29508619
r200N2256000E3944800,5470869805,Auchan,Auchan,supermarket,5.372407,43.30912079
r200N2256000E3945200,6425854894,Auchan,Auchan,supermarket,5.3789245,43.30910219
r200N2252400E3948800,8195328197,Auchan,Auchan,supermarket,5.4249759,43.27929389
r200N2255200E3946800,9677599384,Auchan,Auchan,supermarket,5.3988359,43.30284329
r200N2258400E3947400,69648843,Aldi,Aldi,supermarket,5.40492444,43.33190569
r200N2252400E3961600,92601631,Aldi,Aldi,supermarket,5.581764689,43.28587084
r200N2268200E3919400,99097498,Aldi,Aldi,supermarket,5.051517256,43.4031679
r200N2269200E3917200,99099033,Aldi,Aldi,supermarket,5.025535701,43.41088965
r200N2254400E3948800,158102427,Aldi,Aldi,supermarket,5.423126409,43.29644481
r200N2279000E3914000,224085110,Aldi,Aldi,supermarket,4.977915388,43.4987631
r200N2297000E3957400,287305368,Aldi,Aldi,supermarket,5.500462463,43.68472481
r200N2269400E3937000,436725173,Aldi,Aldi,supermarket,5.269086222,43.42474912
r200N2266800E3926000,1101500221,Aldi,Aldi,supermarket,5.135251807,43.39505509
r200N2279600E3950600,354844814,Aldi,Aldi,supermarket,5.4272867,43.52479929
r200N2293200E3924600,363991782,Aldi,Aldi,supermarket,5.0975081,43.63236509
r200N2241600E3966400,1902948160,Aldi,Aldi,supermarket,5.648818,43.18988519
r200N2275400E3958600,2972823812,Aldi,Aldi,supermarket,5.5299432,43.49127829
r200N2251600E3949000,4000919349,Aldi,Aldi,supermarket,5.4277059,43.27124199
r200N2270200E3970800,4592238688,Aldi,Aldi,supermarket,5.6828988,43.45102369
r200N2268200E3944200,5938432370,Aldi Marché,Aldi,supermarket,5.357863,43.41831209
r200N2257000E3945400,6912384510,Aldi,Aldi,supermarket,5.3814232,43.31780259
r200N2292600E3929200,12346913938,Aldi,Aldi,supermarket,5.155496,43.62980359
r200N2253000E3949400,154576058,Action,Action,variety_store,5.432485551,43.28400935
r200N2289000E3916600,233225890,Action,Action,variety_store,5.002579654,43.58918139
r200N2269000E3945200,680031262,Action,Action,variety_store,5.368649108,43.42544594
r200N2268800E3934000,2739126868,Action,Action,variety_store,5.23034,43.41850319
r200N2249600E3948400,4580357800,Action,Action,variety_store,5.4230143,43.25279619
r200N2266600E3926800,6481595892,Action,Action,variety_store,5.1448648,43.39310449
r200N2281800E3912800,6879195074,Action,Action,variety_store,4.9599702,43.52299029
r200N2280600E3950000,7001088446,Action,Action,variety_store,5.4192692,43.53289329
r200N2270400E3970600,8980070850,Action,Action,variety_store,5.6799445,43.45199019
r200N2262200E3943400,8983934147,Action,Action,variety_store,5.3523213,43.36422969
r200N2253600E3949200,11755215630,Action,Action,variety_store,5.4280671,43.28943069
r200N2272400E3918200,12536739587,Action,Action,variety_store,5.0347026,43.44100079
r200N2268600E3945000,67534713,GiFi,GiFi,variety_store,5.367119075,43.42314889
r200N2278000E3948600,88766944,GiFi,GiFi,variety_store,5.405746669,43.50844945
r200N2296600E3957200,1009894575,GiFi,GiFi,variety_store,5.498357231,43.68096958
r200N2279000E3914200,2345340225,GiFi,GiFi,variety_store,4.9799148,43.49727989
r200N2251600E3949000,4000919348,GiFi,GiFi,variety_store,5.4274335,43.27131239
r200N2258200E3963400,8576869776,GiFi,GiFi,variety_store,5.6000773,43.33864359
r200N2272200E3918400,1975440287,La Foir'Fouille,La Foir'Fouille,variety_store,5.0365247,43.43924329
r200N2279200E3914000,2345340217,La Foir'Fouille,La Foir'Fouille,variety_store,4.9770126,43.49906599
r200N2252800E3962600,7932531682,La Foir'Fouille,La Foir'Fouille,variety_store,5.5937315,43.29011259
r200N2252600E3959000,11389795349,Maxi Bazar,Maxi Bazar,variety_store,5.549044,43.28583659
r200N2296400E3957200,745280312,U Drive - Les Prés verts,Système U,supermarket,5.497833895,43.67920777
r200N2306000E3923800,86427222,U Express,U Express,supermarket,5.077095515,43.74593861
r200N2290000E3922400,591413523,U Express,U Express,supermarket,5.073985682,43.60151155
r200N2287600E3955600,4935163137,U Express,U Express,supermarket,5.4831917,43.59855249
r200N2272600E3949000,6895776545,U Express,U Express,supermarket,5.4140988,43.46060609
r200N2257600E3954400,12146207684,U Express,U Express,supermarket,5.4899639,43.32879749
r200N2253000E3955600,5140103027,Chronodrive,Chronodrive,supermarket,5.5084245,43.28708109
r200N2282200E3945600,64064351,Casino,Casino,supermarket,5.363697332,43.54429491
r200N2259600E3925800,71857335,Intermarché,Casino,supermarket,5.136982727,43.33057243
r200N2254200E3960600,92590192,Casino,Casino,supermarket,5.569770906,43.30165712
r200N2251400E3945800,154802321,Casino,Casino,supermarket,5.389936488,43.26764285
r200N2242400E3963400,155917579,Netto,Géant Casino,supermarket,5.611502987,43.19552653
r200N2278000E3955200,172270792,Casino Express,Casino,supermarket,5.486206363,43.51196747
r200N2268800E3934200,179226279,Carrefour Market,Géant Casino,supermarket,5.234752063,43.41851011
r200N2254000E3953000,691639784,Géant Casino,Géant Casino,supermarket,5.476060426,43.29587225
r200N2249600E3948400,799095377,Casino,Casino,supermarket,5.4233587,43.25344259
r200N2254600E3945800,1237810325,Casino,Casino,supermarket,5.3862692,43.29601849
r200N2253800E3946800,1282660439,Casino,Casino,supermarket,5.3994627,43.29060319
r200N2262000E3940400,1485011634,Casino,Casino,supermarket,5.3153009,43.36018869
r200N2257600E3948600,1555695972,Géant Casino,Géant Casino,supermarket,5.4184492,43.32537709
r200N2250200E3948000,1797915236,Supermarché Casino,Casino,supermarket,5.4173133,43.25886469
r200N2255600E3944600,1817435934,Aldi,Casino,supermarket,5.3720096,43.30582629
r200N2257600E3946000,1839956765,Supermarché Casino,Casino,supermarket,5.3880315,43.32346419
r200N2260400E3945200,1923604551,Casino,Casino,supermarket,5.3764495,43.34892109
r200N2259800E3923600,3828316167,Casino Shop,Casino,supermarket,5.1103578,43.33105429
r200N2255200E3946600,6790201461,Casino,Casino,supermarket,5.3968466,43.30233519
r200N2280200E3952200,6899478857,Casino,Casino,supermarket,5.4476018,43.53041199
r200N2254000E3943400,7047294172,Casino,Casino,supermarket,5.3575813,43.29030949
r200N2258400E3953800,7406440956,Casino,Casino,supermarket,5.4815643,43.33591469
r200N2275000E3949400,7896898085,Casino,Casino,supermarket,5.4176235,43.48315709
r200N2253400E3945800,7923884989,Casino,Casino,supermarket,5.3878939,43.28511319
r200N2255600E3946400,8238409768,Casino,Casino,supermarket,5.392487,43.30544629
r200N2279600E3952600,8974923252,Casino,Casino,supermarket,5.4527386,43.52627929
r200N2270600E3947400,9032772781,Casino,Casino,supermarket,5.3951302,43.44144219
r200N2248600E3944600,10172226367,Vival,Casino,supermarket,5.3767048,43.24128549
r200N2242400E3963400,155917579,Netto,Géant Casino,supermarket,5.611502987,43.19552653
r200N2268800E3934200,179226279,Carrefour Market,Géant Casino,supermarket,5.234752063,43.41851011
r200N2254000E3953000,691639784,Géant Casino,Géant Casino,supermarket,5.476060426,43.29587225
r200N2257600E3948600,1555695972,Géant Casino,Géant Casino,supermarket,5.4184492,43.32537709
r200N2255200E3946800,68970487,Monoprix,Monoprix,supermarket,5.397754403,43.30247259
r200N2253600E3945400,69129646,Monoprix,Monoprix,supermarket,5.382988272,43.28806449
r200N2252200E3945800,154612249,Monoprix,Monoprix,supermarket,5.388977082,43.27426979
r200N2241000E3962800,437465831,Monoprix,Monoprix,supermarket,5.605678301,43.18404545
r200N2279800E3951600,429897499,Monoprix,Monoprix,supermarket,5.4414956,43.52617999
r200N2253400E3945600,1353030027,Monoprix,Monoprix,supermarket,5.3848382,43.28484659
r200N2279800E3952200,2441229016,Monoprix,Monoprix,supermarket,5.4483866,43.52693019
r200N2255200E3944400,3535162757,Monoprix,Monoprix,supermarket,5.3696956,43.30143469
r200N2254600E3945000,4622074310,Monoprix,Monoprix,supermarket,5.3773386,43.29607479
r200N2253400E3960400,4870093280,Monoprix,Monoprix,supermarket,5.5669824,43.29373679
r200N2253400E3944800,5173620322,Monoprix,Monoprix,supermarket,5.3750025,43.28498409
r200N2279800E3952000,5613973992,Monoprix,Monoprix,supermarket,5.4463507,43.52781929
r200N2280000E3952400,6898132997,Monoprix,Monoprix,supermarket,5.4491985,43.52946659
r200N2294000E3924800,7399280960,Monoprix,Monoprix,supermarket,5.0992043,43.63852839
r200N2255800E3944000,12122380638,Monoprix,Monoprix,supermarket,5.3649545,43.30678509
r200N2253800E3944000,70067128,Biocoop Endoume,Biocoop,supermarket,5.364313827,43.28817101
r200N2278200E3949400,88772101,Biocoop,Biocoop,supermarket,5.414910905,43.51079798
r200N2279200E3953200,302780552,Biocoop,Biocoop,supermarket,5.461046808,43.5223892
r200N2251000E3946600,354391030,Bio Coin Joli,Biocoop,supermarket,5.399680076,43.26542348
r200N2252600E3946200,2822223798,Biocoop,Biocoop,supermarket,5.3923748,43.27815459
r200N2259800E3951400,4325221209,Biocoop Chateau Gombert,Biocoop,supermarket,5.4515082,43.34703329
r200N2284200E3948800,5561671911,Biocoop La Coumpagnie Puyricard,Biocoop,supermarket,5.4036272,43.56478479
r200N2253600E3945600,6019909639,Biocoop,Biocoop,supermarket,5.3839948,43.28734969
r200N2254400E3946600,6019951594,Biocoop,Biocoop,supermarket,5.396229,43.29588509
r200N2250000E3945200,6031814733,Biocoop,Biocoop,supermarket,5.3835207,43.25428189
r200N2272200E3918200,6416604790,Biocoop,Biocoop,supermarket,5.0353555,43.43835859
r200N2262200E3943400,7432750118,Biocoop,Biocoop,supermarket,5.3513449,43.36443939
r200N2261200E3964400,8742055421,Biocoop,Biocoop,supermarket,5.6112441,43.36562749
r200N2274800E3934200,9293541617,Biocoop,Biocoop,supermarket,5.2309026,43.47189189
r200N2253000E3955600,9666127417,Biocoop,Biocoop,supermarket,5.5078407,43.28730259
r200N2241400E3962800,9874410218,Biocoop,Biocoop,supermarket,5.6045174,43.18768799
r200N2255400E3944400,10773469406,Biocoop,Biocoop,supermarket,5.3682076,43.30319899
r200N2259600E3951000,600221056,Grand Frais,Grand Frais,supermarket,5.447730499,43.34379305
r200N2253400E3953200,695831744,Grand Frais,Grand Frais,supermarket,5.478645777,43.29042221
r200N2267800E3945000,930959723,Grand Frais,Grand Frais,supermarket,5.368275702,43.4154993
r200N2269600E3935800,1100816206,Grand Frais,Grand Frais,supermarket,5.253259793,43.4260472
r200N2272400E3918400,1975383213,Grand Frais,Grand Frais,supermarket,5.0380323,43.44051579
r200N2294000E3922800,4908602634,Grand Frais,Grand Frais,supermarket,5.0757694,43.63863169
r200N2251600E3946200,12224182946,Grand Frais,Grand Frais,supermarket,5.3936611,43.27034139
r200N2285800E3954600,66538964,Picard,Picard,frozen_food,5.471876167,43.58256498
r200N2296800E3957400,84773176,Picard,Picard,frozen_food,5.49999165,43.68235099
r200N2280800E3949200,86901775,Picard,Picard,frozen_food,5.41109901,43.53433419
r200N2278000E3948400,88767933,Picard,Picard,frozen_food,5.403089146,43.5080048
r200N2253800E3962600,92583262,Picard,Picard,frozen_food,5.594373072,43.29818298
r200N2250800E3947000,153533326,Picard,Picard,frozen_food,5.404715697,43.26372406
r200N2252000E3948000,154572044,Picard,Picard,frozen_food,5.414704813,43.27452805
r200N2253800E3950600,157739027,Picard,Picard,frozen_food,5.445958937,43.29165626
r200N2255800E3950200,158126490,Picard,Picard,frozen_food,5.44035277,43.30946438
r200N2279200E3913800,225126927,Picard,Picard,frozen_food,4.976358288,43.50032999
r200N2272000E3965200,807462647,Picard,Picard,frozen_food,5.612594322,43.4635158
r200N2270400E3936600,986767069,Picard,Picard,frozen_food,5.261261542,43.43450779
r200N2293400E3924200,363985046,Picard,Picard,frozen_food,5.092233,43.63442489
r200N2255200E3946400,1700152953,Picard,Picard,frozen_food,5.3946126,43.30223699
r200N2278400E3951600,1786410461,Picard,Picard,frozen_food,5.4422394,43.51411789
r200N2254800E3946600,1870149202,Picard,Picard,frozen_food,5.3976776,43.29830229
r200N2255200E3948200,2081936436,Picard,Picard,frozen_food,5.415043,43.30411709
r200N2253800E3945800,2137516942,Picard,Picard,frozen_food,5.3875796,43.28866829
r200N2273000E3953000,2173094393,Picard surgelés,Picard,frozen_food,5.4632091,43.46601619
r200N2255800E3947000,2174798904,Picard,Picard,frozen_food,5.4004005,43.30836139
r200N2251000E3946000,2425875285,Picard,Picard,frozen_food,5.3920321,43.26446689
r200N2250000E3948200,3980157288,Picard,Picard,frozen_food,5.4204115,43.25661169
r200N2255400E3944400,4073555192,Picard,Picard,frozen_food,5.3691057,43.30216149
r200N2253200E3945800,4235307793,Picard,Picard,frozen_food,5.3867237,43.28443809
r200N2254400E3945000,4235398945,Picard,Picard,frozen_food,5.3762743,43.29481479
r200N2268800E3933800,4601651794,Picard,Picard,frozen_food,5.2300393,43.41842199
r200N2253000E3949600,5182344515,Picard,Picard,frozen_food,5.4352361,43.28452489
r200N2280400E3952000,5983713866,Picard,Picard,frozen_food,5.4455009,43.53242029
r200N2292600E3926600,6633002803,Picard,Picard,frozen_food,5.1229011,43.62817249
r200N2252600E3945800,6723046672,Picard,Picard,frozen_food,5.3887589,43.27785129
r200N2253600E3943800,8659096793,Picard,Picard,frozen_food,5.3634807,43.28652529
r200N2240600E3970000,9029772710,Picard,Picard,frozen_food,5.6935714,43.18337119
r200N2263800E3963600,11305982337,Picard,Picard,frozen_food,5.5996542,43.38838899
r200N2249200E3945800,12486244767,Picard,Picard,frozen_food,5.3902879,43.24786269
r200N2252600E3961600,92607834,Thiriet,Thiriet,frozen_food,5.582125825,43.2867165
r200N2282000E3913000,179300491,Thiriet,Thiriet,frozen_food,4.963138391,43.52458977
r200N2253400E3953000,10047867007,Thiriet,Thiriet,frozen_food,5.4749085,43.29047809