IRIS	nlog	stot	nlog_ccthpV	stot_ccthpV	nlog_ccthpB	stot_ccthpB	nlog_rppoRS	stot_rppoRS	stot_vac	nlog_vac	stot_vac2a	nlog_vac2a	stot_vac5a	nlog_vac5a	INSEE_COM	NOM_COM	CODE_IRIS	NOM_IRIS	TYP_IRIS	geometry
130010101	1221	78063	246	12835	0	0	54	4626	12835	246	3029	47	1015	15	NA	NA	NA	NA	NA	list()
130010102	2184	82908	568	19642	0	0	90	3706	19642	568	4900	131	1325	32	NA	NA	NA	NA	NA	list()
130010103	1746	84327	408	18114	0	0	85	5277	18114	408	4768	78	2055	32	NA	NA	NA	NA	NA	list()
130010104	4553	192797	1100	41749	0	0	218	11323	41749	1100	8826	211	3399	73	NA	NA	NA	NA	NA	list()
130010105	1805	76496	467	17521	0	0	78	4092	17521	467	3339	79	1004	21	NA	NA	NA	NA	NA	list()
130010202	1604	84961	285	11110	0	0	77	5113	11110	285	2159	58	648	18	NA	NA	NA	NA	NA	list()
130010203	3467	198229	532	26304	0	0	155	11227	26304	532	6161	104	2314	32	NA	NA	NA	NA	NA	list()
130010204	1989	150393	249	17515	0	0	109	8847	17515	249	3594	46	1356	18	NA	NA	NA	NA	NA	list()
130010205	662	26232	201	6168	0	0	13	641	6168	201	2410	74	0	0	NA	NA	NA	NA	NA	list()
130010206	2941	170107	492	23106	1	39	112	7709	23106	492	4489	86	980	16	NA	NA	NA	NA	NA	list()
130010301	2563	139844	327	14793	0	0	72	5051	14793	327	3235	61	588	10	NA	NA	NA	NA	NA	list()
130010302	952	49425	162	6369	0	0	26	1656	6369	162	1179	21	94	2	NA	NA	NA	NA	NA	list()
130010303	1320	92622	153	9944	0	0	54	4203	9944	153	1609	25	29	1	NA	NA	NA	NA	NA	list()
130010304	1508	92498	192	9966	0	0	61	4272	9966	192	1408	27	239	4	NA	NA	NA	NA	NA	list()
130010305	1906	109213	277	11977	0	0	53	3852	11977	277	978	28	171	7	NA	NA	NA	NA	NA	list()
130010306	1833	101853	174	9249	0	0	47	2960	9249	174	1130	19	371	5	NA	NA	NA	NA	NA	list()
130010307	1126	73337	123	7455	0	0	57	3994	7455	123	753	13	154	3	NA	NA	NA	NA	NA	list()
130010401	2453	189421	262	16196	0	0	189	15180	16196	262	2435	43	537	9	NA	NA	NA	NA	NA	list()
130010402	1397	98010	165	11166	0	0	62	4479	11166	165	1748	25	612	8	NA	NA	NA	NA	NA	list()
130010403	1030	71299	104	6721	0	0	30	2285	6721	104	1020	15	116	1	NA	NA	NA	NA	NA	list()
130010404	1347	147760	133	11926	0	0	80	9659	11926	133	2723	24	1363	11	NA	NA	NA	NA	NA	list()
130010501	854	59289	94	6323	0	0	22	1961	6323	94	2314	39	1246	22	NA	NA	NA	NA	NA	list()
130010502	1216	82929	129	8779	0	0	49	3991	8779	129	1412	20	283	5	NA	NA	NA	NA	NA	list()
130010503	1416	113963	134	9663	0	0	83	7414	9663	134	1546	23	474	6	NA	NA	NA	NA	NA	list()
130010504	1876	153153	181	11509	0	0	87	8555	11509	181	1911	28	376	5	NA	NA	NA	NA	NA	list()
130010505	1064	93347	85	7099	0	0	64	5572	7099	85	1149	14	501	6	NA	NA	NA	NA	NA	list()
130010506	1252	100380	182	11488	0	0	69	5822	11488	182	2153	31	649	9	NA	NA	NA	NA	NA	list()
130010601	1136	84962	75	5479	0	0	16	1146	5479	75	880	12	195	3	NA	NA	NA	NA	NA	list()
130010602	867	59741	60	3708	0	0	4	264	3708	60	1254	19	175	3	NA	NA	NA	NA	NA	list()
130010603	547	36498	47	3024	0	0	15	1122	3024	47	769	12	115	2	NA	NA	NA	NA	NA	list()
130010604	2294	128388	449	18655	0	0	19	1160	18655	449	5146	173	2983	102	NA	NA	NA	NA	NA	list()
130010605	971	71416	96	6401	0	0	45	3346	6401	96	1857	22	438	4	NA	NA	NA	NA	NA	list()
130010606	1428	91501	148	8920	0	0	35	2378	8920	148	1550	30	376	8	NA	NA	NA	NA	NA	list()
130010701	1268	83539	69	4719	0	0	17	1268	4719	69	1138	17	223	3	NA	NA	NA	NA	NA	list()
130010702	1589	97542	95	5803	0	0	47	3249	5803	95	993	15	163	2	NA	NA	NA	NA	NA	list()
130010703	819	61199	49	3628	0	0	9	700	3628	49	1410	19	346	5	NA	NA	NA	NA	NA	list()
130010704	469	33091	26	1744	0	0	0	0	1744	26	744	11	138	2	NA	NA	NA	NA	NA	list()
130010705	1321	94492	68	4326	0	0	10	800	4326	68	1049	15	14	1	NA	NA	NA	NA	NA	list()
130010706	670	50981	18	1362	0	0	4	365	1362	18	523	7	264	4	NA	NA	NA	NA	NA	list()
130010707	1928	191066	157	12636	0	0	85	10732	12636	157	2823	35	1204	17	NA	NA	NA	NA	NA	list()
130010709	1632	104766	180	10267	0	0	47	3309	10267	180	1965	34	1115	16	NA	NA	NA	NA	NA	list()
130010710	1368	122359	240	17308	0	0	33	3433	17308	240	1273	16	397	4	NA	NA	NA	NA	NA	list()
130010711	1763	127910	149	8765	0	0	48	3220	8765	149	1998	32	541	8	NA	NA	NA	NA	NA	list()
130010801	1636	186361	116	10386	0	0	78	10162	10386	116	2546	27	857	8	NA	NA	NA	NA	NA	list()
130010802	1359	154259	110	9149	0	0	62	7040	9149	110	2419	34	667	9	NA	NA	NA	NA	NA	list()
130010803	2252	192839	178	12228	0	0	89	8503	12228	178	1248	18	381	7	NA	NA	NA	NA	NA	list()
130010804	1868	233734	153	13700	0	0	80	9775	13700	153	2969	36	1204	15	NA	NA	NA	NA	NA	list()
130010901	3498	160829	479	16541	0	0	89	5543	16541	479	3080	74	1078	20	NA	NA	NA	NA	NA	list()
130010902	1785	176893	145	10453	0	0	70	7554	10453	145	2204	30	1056	12	NA	NA	NA	NA	NA	list()
130010903	2450	193120	192	12081	0	0	65	5364	12081	192	1897	34	1149	21	NA	NA	NA	NA	NA	list()
130010905	1405	96544	141	7636	0	0	33	2373	7636	141	1632	31	363	7	NA	NA	NA	NA	NA	list()
130010906	756	55199	155	6482	0	0	13	1407	6482	155	1338	39	580	7	NA	NA	NA	NA	NA	list()
130010907	3219	200006	286	17118	1	59	71	5454	17118	286	1759	22	190	3	NA	NA	NA	NA	NA	list()
130010908	1543	132184	138	9234	0	0	48	5037	9234	138	1611	23	470	6	NA	NA	NA	NA	NA	list()
130020101	1928	175532	107	8416	1	101	79	6558	8416	107	1759	24	1249	18	NA	NA	NA	NA	NA	list()
130020102	2057	168939	162	10961	0	0	72	5719	10961	162	2313	34	755	12	NA	NA	NA	NA	NA	list()
130020103	1317	87780	145	8196	0	0	47	3184	8196	145	2045	38	809	17	NA	NA	NA	NA	NA	list()
130020104	1324	114866	89	6545	0	0	38	3048	6545	89	893	15	481	9	NA	NA	NA	NA	NA	list()
130020105	1886	155871	138	9435	0	0	54	5194	9435	138	1689	25	552	7	NA	NA	NA	NA	NA	list()
130020106	1967	177877	138	10103	0	0	88	7062	10103	138	2751	40	1335	20	NA	NA	NA	NA	NA	list()
130030000	1305	122535	89	6205	1	38	69	6230	6205	89	2617	39	1187	19	NA	NA	NA	NA	NA	list()
130050101	2454	123226	509	23343	0	0	57	3208	23343	509	6999	157	2881	66	NA	NA	NA	NA	NA	list()
130050102	1836	107216	329	17293	0	0	49	2749	17293	329	3966	76	1652	29	NA	NA	NA	NA	NA	list()
130050201	1450	114330	170	11812	0	0	46	3711	11812	170	2535	40	469	9	NA	NA	NA	NA	NA	list()
130050202	1954	122419	261	14966	0	0	32	2043	14966	261	3158	61	795	18	NA	NA	NA	NA	NA	list()
130050301	1310	84116	143	8831	0	0	31	2031	8831	143	1368	24	183	4	NA	NA	NA	NA	NA	list()
130050302	1002	73784	128	8041	0	0	49	4529	8041	128	1200	18	276	5	NA	NA	NA	NA	NA	list()
130050401	1275	104752	141	10564	0	0	75	6239	10564	141	1541	24	450	7	NA	NA	NA	NA	NA	list()
130050402	1597	95120	194	10754	0	0	45	3268	10754	194	2214	45	771	12	NA	NA	NA	NA	NA	list()
130050403	978	85450	126	9570	0	0	55	5308	9570	126	1505	17	872	8	NA	NA	NA	NA	NA	list()
130050501	968	69979	122	8423	0	0	15	1069	8423	122	2261	34	157	2	NA	NA	NA	NA	NA	list()
130050502	995	71275	124	8671	0	0	26	2110	8671	124	2350	34	495	7	NA	NA	NA	NA	NA	list()
130050601	1393	139894	122	11416	0	0	82	7362	11416	122	2047	26	504	7	NA	NA	NA	NA	NA	list()
130050602	1280	106493	126	8337	0	0	46	3785	8337	126	1288	18	320	5	NA	NA	NA	NA	NA	list()
130050603	1003	62042	110	6817	0	0	0	0	6817	110	1632	26	182	3	NA	NA	NA	NA	NA	list()
130050701	1380	136280	139	11408	0	0	105	10076	11408	139	1944	26	774	14	NA	NA	NA	NA	NA	list()
130050702	949	104187	91	8109	1	40	102	9267	8109	91	1820	28	824	15	NA	NA	NA	NA	NA	list()
130050703	669	48075	77	5354	0	0	27	1745	5354	77	998	14	307	6	NA	NA	NA	NA	NA	list()
130050704	94	8251	14	1176	0	0	11	931	1176	14	412	5	30	1	NA	NA	NA	NA	NA	list()
130050705	1130	98354	103	7857	0	0	104	9658	7857	103	1338	18	532	7	NA	NA	NA	NA	NA	list()
130050706	352	25988	31	2042	0	0	32	2450	2042	31	776	10	233	2	NA	NA	NA	NA	NA	list()
130070101	1644	95258	336	17915	0	0	63	4229	17915	336	4323	82	1047	20	NA	NA	NA	NA	NA	list()
130070102	1632	156706	167	12579	0	0	122	10753	12579	167	2247	29	722	11	NA	NA	NA	NA	NA	list()
130070103	1414	138176	109	8975	0	0	145	11983	8975	109	636	13	392	10	NA	NA	NA	NA	NA	list()
130070104	1453	131059	132	9627	0	0	119	10527	9627	132	2316	37	1394	22	NA	NA	NA	NA	NA	list()
130080000	257	28550	20	1606	0	0	9	876	1606	20	452	6	241	3	NA	NA	NA	NA	NA	list()
130090000	382	42249	28	2398	0	0	20	2220	2398	28	484	7	95	2	NA	NA	NA	NA	NA	list()
130120000	243	28585	16	1820	0	0	25	3374	1820	16	193	2	168	1	NA	NA	NA	NA	NA	list()
130130000	820	82568	100	8439	0	0	44	4094	8439	100	1066	17	469	11	NA	NA	NA	NA	NA	list()
130140101	1170	80179	131	8253	0	0	20	1620	8253	131	3404	54	1964	30	NA	NA	NA	NA	NA	list()
130140102	1002	80093	48	3446	0	0	22	1855	3446	48	1065	14	376	6	NA	NA	NA	NA	NA	list()
130140103	1451	101195	80	4709	0	0	18	1595	4709	80	994	16	592	8	NA	NA	NA	NA	NA	list()
130140104	1265	102774	42	3528	0	0	18	1626	3528	42	1281	15	344	6	NA	NA	NA	NA	NA	list()
130140105	93	7358	12	705	0	0	6	443	705	12	322	5	95	1	NA	NA	NA	NA	NA	list()
130140106	899	81269	65	4386	0	0	64	6137	4386	65	1295	21	483	6	NA	NA	NA	NA	NA	list()
130150101	1461	142430	108	8763	0	0	38	3659	8763	108	2945	36	1934	21	NA	NA	NA	NA	NA	list()
130150102	1108	118352	56	5098	0	0	22	2476	5098	56	918	8	117	1	NA	NA	NA	NA	NA	list()
130150103	1468	131167	86	5754	0	0	38	3577	5754	86	1512	22	170	2	NA	NA	NA	NA	NA	list()
130150104	1009	98067	54	4338	0	0	31	2739	4338	54	967	10	289	3	NA	NA	NA	NA	NA	list()
130150105	1560	155095	76	7007	0	0	55	6059	7007	76	2318	21	1092	11	NA	NA	NA	NA	NA	list()
130160000	2822	250320	240	17803	0	0	248	19758	17803	240	2540	41	1209	19	NA	NA	NA	NA	NA	list()
130190101	724	78659	23	2353	0	0	15	1552	2353	23	612	6	145	2	NA	NA	NA	NA	NA	list()
130190102	2229	224533	138	12138	0	0	76	7310	12138	138	2597	32	296	6	NA	NA	NA	NA	NA	list()
130190103	1527	166561	113	8861	0	0	76	7310	8861	113	2805	42	1482	24	NA	NA	NA	NA	NA	list()
130200000	1066	93336	110	7552	0	0	89	6357	7552	110	956	16	261	7	NA	NA	NA	NA	NA	list()
130210101	1566	132684	104	6641	0	0	192	14205	6641	104	1282	21	805	12	NA	NA	NA	NA	NA	list()
130210102	1143	116493	74	6373	0	0	93	8113	6373	74	1593	24	407	9	NA	NA	NA	NA	NA	list()
130210103	1485	130964	93	6997	0	0	265	15459	6997	93	1808	24	770	12	NA	NA	NA	NA	NA	list()
130220101	1483	91912	220	11442	0	0	382	23594	11442	220	3803	82	1913	34	NA	NA	NA	NA	NA	list()
130220102	1515	121013	133	10193	0	0	380	25228	10193	133	1862	28	582	9	NA	NA	NA	NA	NA	list()
130220103	1941	149478	220	15299	0	0	415	27678	15299	220	4606	71	924	15	NA	NA	NA	NA	NA	list()
130220104	1103	115653	113	10054	0	0	151	15348	10054	113	3675	44	1371	12	NA	NA	NA	NA	NA	list()
130230000	2571	248392	279	20788	0	0	206	18536	20788	279	3877	60	1319	21	NA	NA	NA	NA	NA	list()
130240000	1277	113300	88	6480	0	0	83	7505	6480	88	2786	39	1177	17	NA	NA	NA	NA	NA	list()
130250000	1096	111862	61	5054	0	0	49	5047	5054	61	815	11	314	6	NA	NA	NA	NA	NA	list()
130260101	2838	219662	93	6165	0	0	61	5375	6165	93	893	15	327	7	NA	NA	NA	NA	NA	list()
130260102	1641	118052	76	4757	0	0	54	4889	4757	76	578	11	315	8	NA	NA	NA	NA	NA	list()
130260103	688	56018	33	2432	0	0	33	3140	2432	33	315	4	191	2	NA	NA	NA	NA	NA	list()
130260104	1828	139010	97	6038	0	0	82	6337	6038	97	904	16	142	3	NA	NA	NA	NA	NA	list()
130260105	928	73969	73	4973	0	0	28	2274	4973	73	1981	27	735	11	NA	NA	NA	NA	NA	list()
130260106	16	1517	2	167	0	0	0	0	167	2	0	0	0	0	NA	NA	NA	NA	NA	list()
130260107	130	10463	2	80	0	0	3	290	80	2	40	1	40	1	NA	NA	NA	NA	NA	list()
130280101	1170	48510	319	13110	0	0	156	6223	13110	319	5035	127	2806	68	NA	NA	NA	NA	NA	list()
130280102	3795	203322	744	34925	0	0	342	17761	34925	744	11635	273	3776	98	NA	NA	NA	NA	NA	list()
130280103	1503	114715	158	10410	0	0	125	9498	10410	158	1810	36	824	17	NA	NA	NA	NA	NA	list()
130280104	1134	95259	139	10506	0	0	76	6286	10506	139	1493	24	115	3	NA	NA	NA	NA	NA	list()
130280105	1198	81771	126	7648	0	0	22	1443	7648	126	688	13	65	1	NA	NA	NA	NA	NA	list()
130280106	1421	99212	199	11951	0	0	94	7284	11951	199	1562	29	545	10	NA	NA	NA	NA	NA	list()
130280107	2660	170090	347	20516	1	37	512	28655	20516	347	3274	59	1454	24	NA	NA	NA	NA	NA	list()
130280108	968	66786	134	8619	0	0	11	797	8619	134	1141	18	256	4	NA	NA	NA	NA	NA	list()
130280109	643	43361	56	3625	0	0	1	62	3625	56	384	6	0	0	NA	NA	NA	NA	NA	list()
130280110	4701	346400	655	42916	0	0	207	14167	42916	655	4228	67	1258	19	NA	NA	NA	NA	NA	list()
130280111	4200	284028	520	29224	0	0	733	41291	29224	520	5580	108	2114	42	NA	NA	NA	NA	NA	list()
130280112	1398	91477	192	11547	0	0	141	8448	11547	192	1935	38	780	17	NA	NA	NA	NA	NA	list()
130280113	1601	141114	187	14817	0	0	101	8882	14817	187	2584	36	799	15	NA	NA	NA	NA	NA	list()
130280114	947	70262	88	5862	0	0	32	2842	5862	88	368	6	84	1	NA	NA	NA	NA	NA	list()
130290000	750	84589	37	3176	0	0	60	6399	3176	37	811	10	347	5	NA	NA	NA	NA	NA	list()
130300000	2803	229030	316	20891	0	0	174	14184	20891	316	4644	76	1587	29	NA	NA	NA	NA	NA	list()
130310000	1712	146587	228	16055	0	0	93	7630	16055	228	1421	21	814	11	NA	NA	NA	NA	NA	list()
130320101	913	99632	60	5090	0	0	34	4367	5090	60	1279	17	293	6	NA	NA	NA	NA	NA	list()
130320102	1684	180654	108	8731	0	0	71	8159	8731	108	1296	20	479	11	NA	NA	NA	NA	NA	list()
130320103	1575	132442	121	7473	0	0	70	6002	7473	121	1367	22	423	5	NA	NA	NA	NA	NA	list()
130330000	2920	260603	157	10793	0	0	260	18612	10793	157	3118	55	860	16	NA	NA	NA	NA	NA	list()
130350101	1984	162741	177	11445	0	0	128	8931	11445	177	2962	47	861	18	NA	NA	NA	NA	NA	list()
130350102	1890	164557	182	12946	0	0	123	9907	12946	182	3572	54	1318	17	NA	NA	NA	NA	NA	list()
130370101	1199	115905	51	4382	0	0	36	3178	4382	51	692	12	298	5	NA	NA	NA	NA	NA	list()
130370102	1830	142377	150	10121	0	0	80	6655	10121	150	2955	42	1077	17	NA	NA	NA	NA	NA	list()
130370103	1135	97581	73	5441	0	0	40	3602	5441	73	1265	15	642	7	NA	NA	NA	NA	NA	list()
130390101	1595	132945	42	2874	0	0	18	1455	2874	42	916	12	217	3	NA	NA	NA	NA	NA	list()
130390102	29	3211	3	390	0	0	4	250	390	3	150	1	150	1	NA	NA	NA	NA	NA	list()
130390103	27	2303	0	0	0	0	1	92	0	0	0	0	0	0	NA	NA	NA	NA	NA	list()
130390105	1755	159684	59	4051	0	0	36	3588	4051	59	501	10	355	8	NA	NA	NA	NA	NA	list()
130390106	1368	110876	44	2913	0	0	24	2057	2913	44	603	9	253	3	NA	NA	NA	NA	NA	list()
130390107	1044	83912	49	3734	0	0	28	2209	3734	49	399	5	162	2	NA	NA	NA	NA	NA	list()
130390108	1573	97172	153	7995	0	0	118	6326	7995	153	3069	52	794	14	NA	NA	NA	NA	NA	list()
130400101	1846	169835	112	6965	0	0	138	10727	6965	112	1673	38	616	16	NA	NA	NA	NA	NA	list()
130400102	1185	89202	98	5451	0	0	51	3702	5451	98	906	20	312	7	NA	NA	NA	NA	NA	list()
130400103	1867	175883	124	8587	0	0	195	16420	8587	124	2281	45	841	21	NA	NA	NA	NA	NA	list()
130410101	1106	63442	164	8759	1	30	31	2082	8759	164	2823	47	1562	24	NA	NA	NA	NA	NA	list()
130410102	2068	123730	251	13373	0	0	59	3602	13373	251	3617	61	1462	24	NA	NA	NA	NA	NA	list()
130410103	1328	106952	103	7979	0	0	27	2263	7979	103	1192	15	388	6	NA	NA	NA	NA	NA	list()
130410104	994	80358	47	3768	0	0	16	1476	3768	47	1070	15	279	4	NA	NA	NA	NA	NA	list()
130410105	1417	114955	106	7691	0	0	45	4163	7691	106	1575	20	698	9	NA	NA	NA	NA	NA	list()
130410106	1925	143389	163	10549	0	0	62	4262	10549	163	2801	55	1354	19	NA	NA	NA	NA	NA	list()
130410107	1320	104943	93	6610	0	0	30	2347	6610	93	2174	33	1102	19	NA	NA	NA	NA	NA	list()
130410108	1376	106451	201	10039	0	0	59	5844	10039	201	3053	70	1564	46	NA	NA	NA	NA	NA	list()
130420101	2013	190627	224	18473	0	0	176	15342	18473	224	2985	42	773	11	NA	NA	NA	NA	NA	list()
130420102	1249	124307	152	12841	0	0	114	9055	12841	152	2392	32	581	10	NA	NA	NA	NA	NA	list()
130430101	1566	133541	71	5323	0	0	43	3988	5323	71	850	11	210	3	NA	NA	NA	NA	NA	list()
130430102	2094	166617	103	6567	0	0	53	4479	6567	103	1724	28	870	14	NA	NA	NA	NA	NA	list()
130430103	999	85474	22	1499	0	0	16	1444	1499	22	497	8	329	5	NA	NA	NA	NA	NA	list()
130440000	2631	237444	212	15133	0	0	125	11851	15133	212	5004	72	2276	29	NA	NA	NA	NA	NA	list()
130460000	2097	180563	217	16200	0	0	133	11109	16200	217	2499	39	505	9	NA	NA	NA	NA	NA	list()
130470101	2206	146038	250	14120	0	0	59	4333	14120	250	2682	49	998	20	NA	NA	NA	NA	NA	list()
130470102	1728	99897	323	15911	0	0	29	1921	15911	323	5936	129	2632	63	NA	NA	NA	NA	NA	list()
130470103	1023	69732	113	6392	0	0	35	2661	6392	113	2347	41	1230	22	NA	NA	NA	NA	NA	list()
130470104	1798	138989	164	11029	0	0	38	3040	11029	164	3556	54	1698	23	NA	NA	NA	NA	NA	list()
130470105	709	60684	37	2710	0	0	9	857	2710	37	368	5	39	1	NA	NA	NA	NA	NA	list()
130470106	1041	77653	66	4662	0	0	12	1017	4662	66	1169	17	284	4	NA	NA	NA	NA	NA	list()
130470107	648	47067	37	2684	0	0	2	154	2684	37	783	11	0	0	NA	NA	NA	NA	NA	list()
130470108	771	68869	47	3457	0	0	40	3097	3457	47	942	17	310	4	NA	NA	NA	NA	NA	list()
130470109	1246	98756	74	5199	0	0	33	2802	5199	74	1223	16	534	4	NA	NA	NA	NA	NA	list()
130470110	1606	130678	96	6700	0	0	26	2187	6700	96	984	15	374	6	NA	NA	NA	NA	NA	list()
130470111	851	66592	61	4599	0	0	11	981	4599	61	1897	25	1435	19	NA	NA	NA	NA	NA	list()
130470112	1382	133752	85	7781	0	0	82	8401	7781	85	1995	23	1055	11	NA	NA	NA	NA	NA	list()
130470113	1662	123687	210	14461	0	0	30	2305	14461	210	3851	54	433	6	NA	NA	NA	NA	NA	list()
130470114	1534	136053	64	5070	0	0	26	2498	5070	64	489	11	217	6	NA	NA	NA	NA	NA	list()
130470115	1245	109527	42	2985	0	0	16	1408	2985	42	703	10	277	4	NA	NA	NA	NA	NA	list()
130470116	2211	169172	143	9300	0	0	101	6548	9300	143	2199	37	514	12	NA	NA	NA	NA	NA	list()
130470117	164	14268	15	1324	0	0	7	832	1324	15	629	5	427	3	NA	NA	NA	NA	NA	list()
130480000	2233	214197	148	10137	0	0	166	16698	10137	148	2862	44	1457	20	NA	NA	NA	NA	NA	list()
130490000	977	93186	82	6709	0	0	56	4766	6709	82	2693	37	1530	20	NA	NA	NA	NA	NA	list()
130500101	1287	91629	155	9645	0	0	30	2321	9645	155	3410	37	2022	17	NA	NA	NA	NA	NA	list()
130500102	2244	207205	122	8212	0	0	63	5688	8212	122	1364	23	299	5	NA	NA	NA	NA	NA	list()
130500103	1264	131774	73	5870	0	0	84	9208	5870	73	1475	21	946	12	NA	NA	NA	NA	NA	list()
130510101	1513	123267	162	8931	0	0	39	3162	8931	162	4375	94	3514	82	NA	NA	NA	NA	NA	list()
130510102	796	73611	18	1626	0	0	28	2870	1626	18	522	5	183	2	NA	NA	NA	NA	NA	list()
130510103	1901	179733	142	10996	0	0	95	9296	10996	142	3013	40	1641	21	NA	NA	NA	NA	NA	list()
130530000	4212	353712	368	25582	0	0	439	38719	25582	368	7280	107	4349	60	NA	NA	NA	NA	NA	list()
130540101	625	56684	43	3126	0	0	9	662	3126	43	1134	16	275	4	NA	NA	NA	NA	NA	list()
130540102	998	77219	35	2416	0	0	43	2924	2416	35	424	7	0	0	NA	NA	NA	NA	NA	list()
130540103	1806	93955	333	14605	0	0	28	1848	14605	333	6548	145	4847	101	NA	NA	NA	NA	NA	list()
130540104	1642	116413	76	4916	0	0	41	2746	4916	76	921	16	174	3	NA	NA	NA	NA	NA	list()
130540105	1470	105878	50	3184	0	0	42	3084	3184	50	353	7	63	2	NA	NA	NA	NA	NA	list()
130540106	806	54769	31	2070	0	0	24	1702	2070	31	664	10	327	5	NA	NA	NA	NA	NA	list()
130540107	1203	83485	87	5432	0	0	23	1999	5432	87	1510	22	797	12	NA	NA	NA	NA	NA	list()
130540108	1371	114413	41	2881	0	0	20	2219	2881	41	435	8	145	3	NA	NA	NA	NA	NA	list()
130540109	1396	112266	48	3429	0	0	31	2711	3429	48	499	7	103	2	NA	NA	NA	NA	NA	list()
130540110	842	60818	60	3415	0	0	14	1161	3415	60	935	17	595	11	NA	NA	NA	NA	NA	list()
130540111	950	60911	51	3146	0	0	21	1377	3146	51	792	11	365	5	NA	NA	NA	NA	NA	list()
130540112	406	26956	11	844	0	0	3	221	844	11	60	1	0	0	NA	NA	NA	NA	NA	list()
130540113	811	74333	27	2418	0	0	20	1746	2418	27	448	4	0	0	NA	NA	NA	NA	NA	list()
130540114	1361	129991	63	4725	0	0	36	3304	4725	63	864	11	334	5	NA	NA	NA	NA	NA	list()
130540115	1420	102695	68	4263	0	0	26	1801	4263	68	750	14	32	1	NA	NA	NA	NA	NA	list()
130560101	3753	272779	184	10559	0	0	670	37418	10559	184	2660	53	1125	22	NA	NA	NA	NA	NA	list()
130560102	1005	92687	36	2713	0	0	95	7476	2713	36	939	10	744	6	NA	NA	NA	NA	NA	list()
130560103	689	54089	23	1593	0	0	13	812	1593	23	656	11	427	7	NA	NA	NA	NA	NA	list()
130560104	2048	170082	123	9289	0	0	73	6729	9289	123	2772	31	1303	12	NA	NA	NA	NA	NA	list()
130560105	494	37142	15	943	0	0	2	206	943	15	437	6	286	4	NA	NA	NA	NA	NA	list()
130560106	2932	169559	313	15985	0	0	97	5663	15985	313	3866	84	1549	34	NA	NA	NA	NA	NA	list()
130560107	463	34884	26	1799	0	0	22	1605	1799	26	315	6	237	5	NA	NA	NA	NA	NA	list()
130560108	2343	130150	252	13039	0	0	92	4652	13039	252	3013	51	932	16	NA	NA	NA	NA	NA	list()
130560109	771	46849	113	3990	0	0	0	0	3990	113	2043	78	827	59	NA	NA	NA	NA	NA	list()
130560110	980	69439	29	2038	0	0	11	693	2038	29	420	4	0	0	NA	NA	NA	NA	NA	list()
130560111	1590	136717	87	6204	0	0	45	4036	6204	87	993	13	491	5	NA	NA	NA	NA	NA	list()
130560112	615	43335	52	3288	0	0	3	229	3288	52	956	15	481	7	NA	NA	NA	NA	NA	list()
130560113	823	66861	40	2766	0	0	18	1455	2766	40	494	8	156	2	NA	NA	NA	NA	NA	list()
130560114	2371	173918	87	4594	0	0	37	3529	4594	87	651	14	309	6	NA	NA	NA	NA	NA	list()
130560115	1423	127950	93	7243	0	0	64	5537	7243	93	1759	24	509	8	NA	NA	NA	NA	NA	list()
130560116	362	25084	15	979	0	0	0	0	979	15	178	3	65	1	NA	NA	NA	NA	NA	list()
130560117	1375	105324	122	8392	0	0	30	2462	8392	122	4906	73	2201	33	NA	NA	NA	NA	NA	list()
130560118	876	62716	25	1626	0	0	12	1146	1626	25	248	4	0	0	NA	NA	NA	NA	NA	list()
130560119	1781	123738	114	7536	0	0	30	2090	7536	114	2362	33	1769	23	NA	NA	NA	NA	NA	list()
130560120	23	1638	1	70	0	0	3	169	70	1	0	0	0	0	NA	NA	NA	NA	NA	list()
130590000	1855	167748	198	14723	0	0	89	7112	14723	198	4522	60	1593	23	NA	NA	NA	NA	NA	list()
130600000	3121	294578	236	17784	0	0	154	14406	17784	236	4896	62	2109	27	NA	NA	NA	NA	NA	list()
130620000	1992	205109	96	7535	0	0	104	10592	7535	96	2922	39	1626	22	NA	NA	NA	NA	NA	list()
130630101	2127	174879	134	8885	0	0	60	5345	8885	134	1772	29	1049	17	NA	NA	NA	NA	NA	list()
130630102	823	59695	84	5849	0	0	13	998	5849	84	2913	42	1979	29	NA	NA	NA	NA	NA	list()
130630103	949	73788	118	8940	0	0	1	74	8940	118	3981	52	1984	27	NA	NA	NA	NA	NA	list()
130630104	1709	110222	336	7947	0	0	28	2015	7947	336	975	17	352	4	NA	NA	NA	NA	NA	list()
130630105	1017	69507	56	3530	0	0	6	558	3530	56	273	3	152	2	NA	NA	NA	NA	NA	list()
130630106	1950	122333	225	11785	0	0	30	2195	11785	225	3684	84	1424	48	NA	NA	NA	NA	NA	list()
130630107	1418	104718	163	11558	0	0	16	1379	11558	163	6066	90	3235	43	NA	NA	NA	NA	NA	list()
130630108	993	81586	51	3456	0	0	21	1899	3456	51	581	9	224	3	NA	NA	NA	NA	NA	list()
130630109	1751	146319	128	9216	0	0	60	5272	9216	128	2163	26	516	6	NA	NA	NA	NA	NA	list()
130630110	64	5453	5	458	0	0	0	0	458	5	107	1	107	1	NA	NA	NA	NA	NA	list()
130690101	1675	127592	248	13228	0	0	55	4631	13228	248	4473	115	2993	86	NA	NA	NA	NA	NA	list()
130690102	1684	170018	95	7713	0	0	57	5626	7713	95	2285	29	1136	16	NA	NA	NA	NA	NA	list()
130690103	1840	169712	103	7797	0	0	71	6259	7797	103	1501	18	744	8	NA	NA	NA	NA	NA	list()
130700101	924	70040	123	8680	0	0	20	1703	8680	123	1149	14	556	7	NA	NA	NA	NA	NA	list()
130700102	1040	83408	94	6374	0	0	29	2298	6374	94	674	13	493	9	NA	NA	NA	NA	NA	list()
130700103	1072	79726	97	6470	0	0	28	1805	6470	97	782	14	337	8	NA	NA	NA	NA	NA	list()
130710101	501	48187	33	2769	0	0	38	3800	2769	33	1243	14	738	9	NA	NA	NA	NA	NA	list()
130710102	1381	127704	68	4951	0	0	51	4761	4951	68	1354	19	443	8	NA	NA	NA	NA	NA	list()
130710103	1405	119396	73	4892	0	0	28	2636	4892	73	954	15	167	4	NA	NA	NA	NA	NA	list()
130710104	1062	93589	73	4471	0	0	53	4892	4471	73	955	19	642	11	NA	NA	NA	NA	NA	list()
130710105	1063	86094	66	4060	0	0	56	4349	4060	66	1218	20	634	10	NA	NA	NA	NA	NA	list()
130710106	545	44714	28	1710	0	0	18	1381	1710	28	166	2	0	0	NA	NA	NA	NA	NA	list()
130710107	1658	158693	61	4724	0	0	52	5271	4724	61	1070	13	198	3	NA	NA	NA	NA	NA	list()
130710108	1168	94402	49	3274	0	0	37	3081	3274	49	593	11	342	7	NA	NA	NA	NA	NA	list()
130710109	1308	93802	68	3855	0	0	36	2783	3855	68	1300	23	422	8	NA	NA	NA	NA	NA	list()
130720000	1851	176842	128	9241	0	0	136	10612	9241	128	2181	36	1033	18	NA	NA	NA	NA	NA	list()
130730000	2653	231346	252	18961	0	0	129	10410	18961	252	1925	33	1067	17	NA	NA	NA	NA	NA	list()
130740000	2554	218786	220	14459	0	0	96	8951	14459	220	3520	57	1551	23	NA	NA	NA	NA	NA	list()
130750101	1096	81840	98	6757	0	0	41	2841	6757	98	981	14	243	4	NA	NA	NA	NA	NA	list()
130750102	1453	116907	142	8644	0	0	57	4433	8644	142	1019	17	384	6	NA	NA	NA	NA	NA	list()
130750103	891	70317	75	4372	0	0	24	2058	4372	75	1198	22	647	11	NA	NA	NA	NA	NA	list()
130750104	1055	94386	69	5414	0	0	48	4009	5414	69	1311	19	558	9	NA	NA	NA	NA	NA	list()
130750105	1308	102164	86	6081	0	0	53	4030	6081	86	931	15	222	4	NA	NA	NA	NA	NA	list()
130770101	1447	103057	253	17673	0	0	26	1582	17673	253	9140	129	1912	28	NA	NA	NA	NA	NA	list()
130770102	1216	77139	124	7135	0	0	36	1658	7135	124	2248	40	1100	17	NA	NA	NA	NA	NA	list()
130770103	580	34203	48	2580	0	0	9	798	2580	48	1130	21	224	3	NA	NA	NA	NA	NA	list()
130770104	1118	80097	99	6001	0	0	28	2173	6001	99	2267	40	1008	20	NA	NA	NA	NA	NA	list()
130770105	1115	89723	91	6426	0	0	22	1743	6426	91	2835	42	1329	21	NA	NA	NA	NA	NA	list()
130770106	1063	95295	19	1425	0	0	33	2743	1425	19	299	5	63	2	NA	NA	NA	NA	NA	list()
130770107	658	48476	51	5809	0	0	6	340	5809	51	3718	15	3528	10	NA	NA	NA	NA	NA	list()
130770108	1176	81658	58	3890	0	0	20	1676	3890	58	840	12	322	4	NA	NA	NA	NA	NA	list()
130780101	1067	79483	157	10258	0	0	57	2685	10258	157	5244	83	2275	38	NA	NA	NA	NA	NA	list()
130780102	1893	127400	308	18918	0	0	69	4062	18918	308	8315	127	5362	76	NA	NA	NA	NA	NA	list()
130780103	902	65200	94	5914	0	0	16	1105	5914	94	2428	39	314	6	NA	NA	NA	NA	NA	list()
130780104	1003	75145	127	8465	0	0	12	958	8465	127	4194	61	2554	36	NA	NA	NA	NA	NA	list()
130790000	905	83140	157	9582	0	0	57	5403	9582	157	4044	97	814	13	NA	NA	NA	NA	NA	list()
130800000	2764	254481	231	18526	0	0	96	9550	18526	231	5808	82	3380	48	NA	NA	NA	NA	NA	list()
130810101	1334	133646	51	3831	0	0	36	3722	3831	51	968	12	480	5	NA	NA	NA	NA	NA	list()
130810102	862	68170	59	3982	0	0	29	2066	3982	59	695	8	210	3	NA	NA	NA	NA	NA	list()
130810103	1323	99701	110	6990	0	0	30	2535	6990	110	1271	20	197	4	NA	NA	NA	NA	NA	list()
130810104	1204	104167	73	4944	0	0	28	2675	4944	73	721	12	151	2	NA	NA	NA	NA	NA	list()
130810105	1217	95867	98	6356	0	0	18	1215	6356	98	2107	29	714	14	NA	NA	NA	NA	NA	list()
130820000	2336	256041	247	21747	0	0	131	13822	21747	247	6041	71	1761	22	NA	NA	NA	NA	NA	list()
130840000	2442	204715	248	16982	0	0	92	8128	16982	248	6406	112	2454	43	NA	NA	NA	NA	NA	list()
130850000	2756	243811	293	22070	0	0	130	12007	22070	293	4352	59	1250	15	NA	NA	NA	NA	NA	list()
130860101	1262	93035	270	17254	0	0	68	5117	17254	270	3262	63	837	19	NA	NA	NA	NA	NA	list()
130860102	1517	119967	232	16822	0	0	113	7725	16822	232	3155	44	1134	16	NA	NA	NA	NA	NA	list()
130860103	1095	99766	141	10732	0	0	60	5064	10732	141	1189	20	348	7	NA	NA	NA	NA	NA	list()
130860104	1088	101915	109	9245	0	0	105	9185	9245	109	1038	18	498	9	NA	NA	NA	NA	NA	list()
130870000	2593	214810	257	18213	0	0	93	7665	18213	257	3132	46	965	15	NA	NA	NA	NA	NA	list()
130880000	2766	217019	159	10274	0	0	145	8156	10274	159	3344	59	837	16	NA	NA	NA	NA	NA	list()
130900000	71	9880	6	680	0	0	7	1012	680	6	149	2	83	1	NA	NA	NA	NA	NA	list()
130910000	2978	298739	324	27171	0	0	106	11093	27171	324	4909	63	1762	21	NA	NA	NA	NA	NA	list()
130920101	1445	96778	150	8821	0	0	58	3837	8821	150	1964	33	737	13	NA	NA	NA	NA	NA	list()
130920102	1668	139518	106	6871	0	0	57	5135	6871	106	1692	29	1008	19	NA	NA	NA	NA	NA	list()
130920103	1310	115593	93	6999	0	0	77	6779	6999	93	1974	26	1475	20	NA	NA	NA	NA	NA	list()
130930000	162	16513	10	704	0	0	10	938	704	10	280	4	213	3	NA	NA	NA	NA	NA	list()
130950000	560	85901	21	2854	0	0	71	9867	2854	21	803	6	129	2	NA	NA	NA	NA	NA	list()
130980101	1776	158059	102	8091	0	0	60	4756	8091	102	1079	14	353	4	NA	NA	NA	NA	NA	list()
130980102	1238	105837	84	6398	0	0	98	6067	6398	84	1608	27	691	15	NA	NA	NA	NA	NA	list()
130990000	447	35080	59	3561	0	0	23	1648	3561	59	1142	21	381	8	NA	NA	NA	NA	NA	list()
131010000	1480	127589	144	9811	0	0	73	5901	9811	144	1236	23	417	10	NA	NA	NA	NA	NA	list()
131020101	748	58349	31	2063	0	0	19	1470	2063	31	372	7	122	3	NA	NA	NA	NA	NA	list()
131020102	1062	80892	74	5214	0	0	27	1844	5214	74	1290	20	829	12	NA	NA	NA	NA	NA	list()
131020103	847	73132	43	2924	0	0	26	2066	2924	43	769	14	345	5	NA	NA	NA	NA	NA	list()
131030101	1848	102919	388	19477	0	0	52	3165	19477	388	6539	120	2883	54	NA	NA	NA	NA	NA	list()
131030102	2015	149933	272	16030	0	0	75	5734	16030	272	4840	97	1065	20	NA	NA	NA	NA	NA	list()
131030103	1402	99679	134	8328	0	0	25	2019	8328	134	2411	39	670	10	NA	NA	NA	NA	NA	list()
131030104	1476	100597	172	11950	0	0	39	2776	11950	172	3785	54	1609	19	NA	NA	NA	NA	NA	list()
131030105	418	32986	51	3692	0	0	8	670	3692	51	2598	35	324	4	NA	NA	NA	NA	NA	list()
131030106	899	67709	103	7766	0	0	4	245	7766	103	3525	45	2670	32	NA	NA	NA	NA	NA	list()
131030107	1548	125823	118	8949	0	0	43	3470	8949	118	1364	19	505	8	NA	NA	NA	NA	NA	list()
131030108	1475	105951	154	10680	0	0	36	2447	10680	154	2574	38	799	12	NA	NA	NA	NA	NA	list()
131030109	1705	135375	189	12935	0	0	41	3714	12935	189	1881	26	642	7	NA	NA	NA	NA	NA	list()
131030110	2857	188066	411	22423	0	0	79	5492	22423	411	5412	87	1604	26	NA	NA	NA	NA	NA	list()
131030111	1050	70134	128	7494	0	0	26	1881	7494	128	1911	35	782	14	NA	NA	NA	NA	NA	list()
131030112	1340	96194	218	11626	0	0	42	3033	11626	218	3715	73	1730	33	NA	NA	NA	NA	NA	list()
131030113	1586	129568	346	23420	0	0	46	4810	23420	346	12496	188	4230	66	NA	NA	NA	NA	NA	list()
131030114	2033	192056	138	11811	0	0	85	8618	11811	138	2951	34	1642	17	NA	NA	NA	NA	NA	list()
131030115	2391	203115	209	14592	0	0	100	9522	14592	209	3403	46	1221	15	NA	NA	NA	NA	NA	list()
131040101	1962	129807	88	3892	0	0	279	10254	3892	88	796	20	106	3	NA	NA	NA	NA	NA	list()
131040102	2048	129339	129	6265	0	0	356	17451	6265	129	1211	26	347	8	NA	NA	NA	NA	NA	list()
131040103	1520	121807	66	4708	0	0	175	11617	4708	66	842	12	365	4	NA	NA	NA	NA	NA	list()
131050101	1272	120750	77	6006	0	0	68	6291	6006	77	1879	27	974	15	NA	NA	NA	NA	NA	list()
131050102	2235	173757	260	15673	0	0	49	3699	15673	260	6321	127	3999	99	NA	NA	NA	NA	NA	list()
131060101	1581	117881	167	10563	0	0	69	4818	10563	167	3247	53	1390	20	NA	NA	NA	NA	NA	list()
131060102	1326	96825	95	6261	0	0	36	2524	6261	95	814	14	156	4	NA	NA	NA	NA	NA	list()
131060103	1622	133908	120	7738	0	0	44	3095	7738	120	807	18	215	5	NA	NA	NA	NA	NA	list()
131060104	391	27804	36	2024	0	0	12	808	2024	36	304	6	160	3	NA	NA	NA	NA	NA	list()
131070101	1339	119714	73	5337	0	0	29	2608	5337	73	1909	28	730	11	NA	NA	NA	NA	NA	list()
131070102	1281	132492	94	6967	1	165	48	3897	6967	94	1499	22	984	14	NA	NA	NA	NA	NA	list()
131090000	1231	138364	79	8127	0	0	113	13628	8127	79	2132	19	704	7	NA	NA	NA	NA	NA	list()
131100101	1583	95714	234	12503	0	0	47	3377	12503	234	4047	84	1837	37	NA	NA	NA	NA	NA	list()
131100102	1472	151158	97	8604	0	0	108	10038	8604	97	1509	22	737	10	NA	NA	NA	NA	NA	list()
131100103	1332	109333	122	6067	0	0	46	3629	6067	122	3399	85	2637	75	NA	NA	NA	NA	NA	list()
131100104	1108	100175	48	4041	0	0	47	3722	4041	48	820	11	319	4	NA	NA	NA	NA	NA	list()
131110000	522	55401	32	2308	0	0	69	6945	2308	32	847	14	392	5	NA	NA	NA	NA	NA	list()
131120101	822	82080	18	1554	0	0	20	2185	1554	18	212	2	74	1	NA	NA	NA	NA	NA	list()
131120102	1636	145603	81	5074	0	0	44	4079	5074	81	1246	21	669	12	NA	NA	NA	NA	NA	list()
131120103	1588	152814	106	7280	0	0	60	5604	7280	106	1577	27	634	10	NA	NA	NA	NA	NA	list()
131130101	1254	120550	72	5884	0	0	72	7180	5884	72	1336	17	1002	12	NA	NA	NA	NA	NA	list()
131130102	1303	139435	53	4596	0	0	64	7289	4596	53	1122	13	120	3	NA	NA	NA	NA	NA	list()
131130103	1628	132540	90	6598	0	0	61	5195	6598	90	1131	16	362	6	NA	NA	NA	NA	NA	list()
131140000	2919	332163	217	19080	0	0	178	20179	19080	217	4572	62	2012	24	NA	NA	NA	NA	NA	list()
131150000	841	84186	53	4294	0	0	41	3658	4294	53	1574	24	290	6	NA	NA	NA	NA	NA	list()
131170101	607	58441	18	1458	0	0	14	1282	1458	18	339	4	235	3	NA	NA	NA	NA	NA	list()
131170102	794	62485	26	1996	0	0	5	377	1996	26	710	8	450	5	NA	NA	NA	NA	NA	list()
131170103	718	52609	30	2129	0	0	4	343	2129	30	462	8	399	7	NA	NA	NA	NA	NA	list()
131170104	1399	104889	61	3518	0	0	4	277	3518	61	602	10	96	4	NA	NA	NA	NA	NA	list()
131170105	778	65223	27	1880	0	0	12	970	1880	27	359	5	81	1	NA	NA	NA	NA	NA	list()
131170106	581	40304	26	1882	0	0	14	916	1882	26	597	8	220	3	NA	NA	NA	NA	NA	list()
131170107	1210	88940	144	8049	0	0	20	1410	8049	144	3115	72	2758	67	NA	NA	NA	NA	NA	list()
131170108	1039	79671	52	3551	0	0	18	1703	3551	52	1007	14	494	8	NA	NA	NA	NA	NA	list()
131170109	918	77762	16	1229	0	0	17	1264	1229	16	210	3	0	0	NA	NA	NA	NA	NA	list()
131170110	1564	128512	93	6080	0	0	58	4874	6080	93	1649	24	1038	14	NA	NA	NA	NA	NA	list()
131170111	219	16901	17	549	0	0	4	537	549	17	130	6	0	0	NA	NA	NA	NA	NA	list()
131170112	110	7317	4	198	0	0	3	242	198	4	0	0	0	0	NA	NA	NA	NA	NA	list()
131170202	834	71162	23	1621	0	0	11	912	1621	23	468	6	223	3	NA	NA	NA	NA	NA	list()
131170203	1355	100192	43	2687	0	0	25	1936	2687	43	185	3	127	2	NA	NA	NA	NA	NA	list()
131170204	652	56869	20	1605	0	0	10	760	1605	20	494	6	149	2	NA	NA	NA	NA	NA	list()
131170205	1650	115500	86	5884	0	0	40	2937	5884	86	1591	23	839	11	NA	NA	NA	NA	NA	list()
131170206	77	5447	10	632	0	0	3	162	632	10	193	3	0	0	NA	NA	NA	NA	NA	list()
131170207	33	2582	7	290	0	0	3	242	290	7	125	4	40	2	NA	NA	NA	NA	NA	list()
131170208	833	59073	31	1842	0	0	11	709	1842	31	227	3	82	1	NA	NA	NA	NA	NA	list()
131170209	1016	75577	29	1975	0	0	13	896	1975	29	387	4	187	2	NA	NA	NA	NA	NA	list()
131180000	1667	162480	111	9747	0	0	59	5476	9747	111	2369	33	1108	13	NA	NA	NA	NA	NA	list()
131190101	986	90507	104	8369	0	0	29	2736	8369	104	1161	14	102	1	NA	NA	NA	NA	NA	list()
131190102	1038	74649	153	10450	0	0	22	1542	10450	153	1099	15	326	5	NA	NA	NA	NA	NA	list()
131190103	1160	114568	99	7836	0	0	36	3435	7836	99	960	15	470	7	NA	NA	NA	NA	NA	list()
132010101	1303	74266	357	18006	0	0	36	2185	18006	357	6748	130	3002	54	NA	NA	NA	NA	NA	list()
132010102	993	48213	228	10215	0	0	20	1140	10215	228	3440	84	1105	32	NA	NA	NA	NA	NA	list()
132010103	1616	73159	319	12954	0	0	29	1738	12954	319	4620	115	1780	44	NA	NA	NA	NA	NA	list()
132010104	1264	55643	393	14483	0	0	21	1135	14483	393	6683	206	3146	107	NA	NA	NA	NA	NA	list()
132010201	1901	115810	454	25355	0	0	56	4008	25355	454	7980	161	2505	63	NA	NA	NA	NA	NA	list()
132010202	1478	102703	261	15115	0	0	44	2984	15115	261	3814	66	1970	32	NA	NA	NA	NA	NA	list()
132010203	627	43928	76	4826	0	0	26	1654	4826	76	909	13	345	4	NA	NA	NA	NA	NA	list()
132010302	913	44021	331	14593	0	0	22	1201	14593	331	8091	184	5030	108	NA	NA	NA	NA	NA	list()
132010303	1082	52651	326	15102	0	0	38	1571	15102	326	7169	154	3336	74	NA	NA	NA	NA	NA	list()
132010401	1214	58182	277	12365	0	0	35	1931	12365	277	4733	103	2467	51	NA	NA	NA	NA	NA	list()
132010402	2281	118494	518	25001	0	0	151	7973	25001	518	9205	196	4389	81	NA	NA	NA	NA	NA	list()
132010501	738	43132	154	8349	0	0	15	986	8349	154	1631	29	742	14	NA	NA	NA	NA	NA	list()
132010502	1386	85582	238	12679	0	0	38	2791	12679	238	3290	65	1470	28	NA	NA	NA	NA	NA	list()
132010503	1623	93486	262	12283	0	0	58	3867	12283	262	3345	86	1560	39	NA	NA	NA	NA	NA	list()
132010504	1365	83984	199	10921	0	0	39	2567	10921	199	3053	58	692	15	NA	NA	NA	NA	NA	list()
132010505	1252	63635	217	9749	0	0	17	1190	9749	217	2459	50	1172	26	NA	NA	NA	NA	NA	list()
132010601	1958	89753	467	20228	0	0	44	2515	20228	467	7991	180	3067	78	NA	NA	NA	NA	NA	list()
132010602	1444	92484	228	11636	0	0	62	3817	11636	228	2565	55	1294	28	NA	NA	NA	NA	NA	list()
132020101	983	56144	182	10042	0	0	31	1454	10042	182	3280	59	1416	26	NA	NA	NA	NA	NA	list()
132020201	513	21273	166	6794	0	0	6	362	6794	166	3972	102	3175	78	NA	NA	NA	NA	NA	list()
132020202	1366	83523	292	15058	0	0	17	1051	15058	292	6004	115	2949	67	NA	NA	NA	NA	NA	list()
132020203	1282	72333	295	14922	0	0	31	1896	14922	295	8802	178	5154	104	NA	NA	NA	NA	NA	list()
132020204	1224	52130	248	9294	0	0	49	1639	9294	248	3599	95	1939	56	NA	NA	NA	NA	NA	list()
132020205	663	32884	214	11299	0	0	28	1532	11299	214	8323	150	5597	89	NA	NA	NA	NA	NA	list()
132020301	1512	98284	257	15119	0	0	61	4208	15119	257	5519	102	1370	25	NA	NA	NA	NA	NA	list()
132020302	2147	103905	469	18995	0	0	115	5639	18995	469	8083	201	3598	93	NA	NA	NA	NA	NA	list()
132020303	1338	56438	350	12683	0	0	67	2569	12683	350	5495	153	2929	87	NA	NA	NA	NA	NA	list()
132020401	2833	156472	521	28016	0	0	111	6905	28016	521	7235	126	3584	56	NA	NA	NA	NA	NA	list()
132020402	1429	86683	237	14151	0	0	35	2000	14151	237	5085	82	1120	19	NA	NA	NA	NA	NA	list()
132020403	1268	74742	187	9770	0	0	42	2485	9770	187	2283	41	1126	20	NA	NA	NA	NA	NA	list()
132020404	811	49160	234	13456	0	0	23	1352	13456	234	8641	149	4461	72	NA	NA	NA	NA	NA	list()
132030101	1757	84213	280	12029	0	0	39	1811	12029	280	3580	85	1358	34	NA	NA	NA	NA	NA	list()
132030102	1010	50215	222	10299	0	0	16	859	10299	222	4880	107	2946	59	NA	NA	NA	NA	NA	list()
132030103	908	45768	152	6875	0	0	20	1109	6875	152	2034	46	855	17	NA	NA	NA	NA	NA	list()
132030104	2418	103055	554	20280	0	0	43	2129	20280	554	8503	222	3748	92	NA	NA	NA	NA	NA	list()
132030105	2487	116363	498	21704	0	0	56	2454	21704	498	7973	191	3319	83	NA	NA	NA	NA	NA	list()
132030201	260	14364	37	1814	0	0	0	0	1814	37	458	9	0	0	NA	NA	NA	NA	NA	list()
132030202	1962	85385	440	16163	0	0	37	1944	16163	440	5554	135	2538	62	NA	NA	NA	NA	NA	list()
132030203	1416	78309	277	14806	0	0	33	1925	14806	277	6356	110	2475	34	NA	NA	NA	NA	NA	list()
132030204	956	43524	344	12520	0	0	0	0	12520	344	6782	105	5320	79	NA	NA	NA	NA	NA	list()
132030205	1521	82596	407	21369	0	0	31	1870	21369	407	10133	189	5002	87	NA	NA	NA	NA	NA	list()
132030301	1796	89738	390	17020	0	0	33	1663	17020	390	6224	157	1988	50	NA	NA	NA	NA	NA	list()
132030302	1772	86995	385	18454	0	0	32	1621	18454	385	6846	146	2338	55	NA	NA	NA	NA	NA	list()
132030303	1259	58898	293	11828	0	0	33	1382	11828	293	4004	105	1995	55	NA	NA	NA	NA	NA	list()
132030304	2412	130769	474	24157	0	0	60	1749	24157	474	11703	227	4931	109	NA	NA	NA	NA	NA	list()
132030401	1834	94857	391	18635	0	0	25	1499	18635	391	7581	166	2599	53	NA	NA	NA	NA	NA	list()
132030402	2691	136520	579	27531	0	0	55	3039	27531	579	6614	141	2512	56	NA	NA	NA	NA	NA	list()
132030403	909	51832	152	7619	0	0	15	913	7619	152	3216	71	1218	26	NA	NA	NA	NA	NA	list()
132040101	1511	92943	159	8685	0	0	35	2332	8685	159	1677	34	845	19	NA	NA	NA	NA	NA	list()
132040102	1250	72707	140	7620	0	0	39	2509	7620	140	1609	33	670	15	NA	NA	NA	NA	NA	list()
132040103	2212	117954	357	16204	0	0	49	2872	16204	357	4662	110	1450	38	NA	NA	NA	NA	NA	list()
132040104	1774	94048	200	10048	0	0	44	2571	10048	200	3029	60	1120	21	NA	NA	NA	NA	NA	list()
132040105	691	44857	52	3562	0	0	13	824	3562	52	653	9	308	3	NA	NA	NA	NA	NA	list()
132040106	1262	80290	106	6446	0	0	44	2573	6446	106	1153	22	414	8	NA	NA	NA	NA	NA	list()
132040201	2314	111948	329	13897	0	0	55	3195	13897	329	3728	90	1386	32	NA	NA	NA	NA	NA	list()
132040202	1445	86902	134	7850	0	0	32	1921	7850	134	1606	27	621	11	NA	NA	NA	NA	NA	list()
132040203	1764	97174	227	12007	0	0	60	3493	12007	227	3590	66	1003	19	NA	NA	NA	NA	NA	list()
132040204	1564	86167	215	9678	0	0	37	2374	9678	215	2561	63	721	21	NA	NA	NA	NA	NA	list()
132040205	530	29028	139	6939	0	0	2	110	6939	139	54	1	54	1	NA	NA	NA	NA	NA	list()
132040301	1104	66788	100	5130	0	0	41	2630	5130	100	1240	28	693	15	NA	NA	NA	NA	NA	list()
132040302	1097	57007	157	7492	0	0	36	1666	7492	157	3386	68	1755	35	NA	NA	NA	NA	NA	list()
132040303	1410	78984	171	8736	0	0	32	1678	8736	171	2252	45	638	15	NA	NA	NA	NA	NA	list()
132040304	2147	122976	293	15013	0	0	66	4023	15013	293	3907	96	1211	34	NA	NA	NA	NA	NA	list()
132040401	1933	116280	272	14554	0	0	56	3507	14554	272	3617	72	1369	32	NA	NA	NA	NA	NA	list()
132040402	2351	149122	256	14827	0	0	76	5292	14827	256	4619	84	2412	46	NA	NA	NA	NA	NA	list()
132040403	2786	185003	393	22360	0	0	84	5741	22360	393	5977	111	2399	45	NA	NA	NA	NA	NA	list()
132040404	1039	62485	120	6598	0	0	36	2210	6598	120	1367	31	659	13	NA	NA	NA	NA	NA	list()
132050101	2810	130698	438	17673	0	0	59	3037	17673	438	4440	115	1658	46	NA	NA	NA	NA	NA	list()
132050102	1374	65580	226	8561	0	0	23	1115	8561	226	1767	59	549	18	NA	NA	NA	NA	NA	list()
132050103	524	16235	103	3382	1	69	4	179	3382	103	1610	43	1106	36	NA	NA	NA	NA	NA	list()
132050104	1565	77672	222	10550	0	0	39	2144	10550	222	2856	54	1012	19	NA	NA	NA	NA	NA	list()
132050105	816	41456	157	7050	0	0	31	1885	7050	157	2577	56	1187	23	NA	NA	NA	NA	NA	list()
132050201	199	9983	28	1292	0	0	0	0	1292	28	394	9	198	5	NA	NA	NA	NA	NA	list()
132050202	1168	73295	112	5927	0	0	53	3264	5927	112	1388	29	418	9	NA	NA	NA	NA	NA	list()
132050203	1413	89584	160	8902	0	0	33	2453	8902	160	2651	47	1356	24	NA	NA	NA	NA	NA	list()
132050204	1710	88182	232	10709	0	0	53	2853	10709	232	3138	70	1612	35	NA	NA	NA	NA	NA	list()
132050205	1401	83998	234	12096	0	0	42	2657	12096	234	3298	68	734	21	NA	NA	NA	NA	NA	list()
132050206	1838	113287	243	12759	0	0	53	3291	12759	243	3523	66	1481	30	NA	NA	NA	NA	NA	list()
132050207	2612	142113	386	17780	0	0	67	3867	17780	386	6017	138	2705	59	NA	NA	NA	NA	NA	list()
132050301	1476	74779	203	9280	1	42	28	1577	9280	203	1810	40	548	13	NA	NA	NA	NA	NA	list()
132050302	2032	93086	399	15743	0	0	46	2377	15743	399	5433	141	1813	51	NA	NA	NA	NA	NA	list()
132050303	1472	76970	227	10222	0	0	37	1895	10222	227	2799	60	1375	30	NA	NA	NA	NA	NA	list()
132050304	2544	129854	438	20160	0	0	76	4289	20160	438	4623	101	1904	42	NA	NA	NA	NA	NA	list()
132050305	868	41770	180	7412	0	0	17	888	7412	180	2472	80	345	9	NA	NA	NA	NA	NA	list()
132050401	2933	170004	359	18752	1	75	77	4654	18752	359	4493	85	1801	32	NA	NA	NA	NA	NA	list()
132050402	1795	76722	339	12451	0	0	24	1436	12451	339	2781	70	765	22	NA	NA	NA	NA	NA	list()
132050403	1834	95871	226	10692	0	0	41	2158	10692	226	2360	46	1027	22	NA	NA	NA	NA	NA	list()
132060101	2313	151044	344	19708	1	29	75	5622	19708	344	4288	83	1477	30	NA	NA	NA	NA	NA	list()
132060102	1599	106393	280	16088	0	0	67	5747	16088	280	3836	72	1479	30	NA	NA	NA	NA	NA	list()
132060103	1169	68686	238	12563	0	0	28	1749	12563	238	4062	78	1091	19	NA	NA	NA	NA	NA	list()
132060202	1102	75882	147	8829	0	0	41	2725	8829	147	1812	29	404	8	NA	NA	NA	NA	NA	list()
132060203	1615	81721	287	13438	0	0	58	3176	13438	287	3956	87	1621	37	NA	NA	NA	NA	NA	list()
132060204	3216	186536	527	27893	0	0	83	4525	27893	527	7824	162	2799	55	NA	NA	NA	NA	NA	list()
132060301	732	43451	143	7416	0	0	16	1097	7416	143	2418	45	1127	20	NA	NA	NA	NA	NA	list()
132060302	1523	77586	274	11911	0	0	34	1932	11911	274	3461	82	1264	32	NA	NA	NA	NA	NA	list()
132060303	2620	139537	655	31081	0	0	92	4931	31081	655	13312	287	3537	84	NA	NA	NA	NA	NA	list()
132060401	764	60610	120	8748	1	88	18	1482	8748	120	3416	46	1549	23	NA	NA	NA	NA	NA	list()
132060402	551	38083	110	7414	0	0	15	1199	7414	110	3107	32	1567	18	NA	NA	NA	NA	NA	list()
132060403	1811	121657	268	16343	0	0	72	4179	16343	268	3972	78	1052	22	NA	NA	NA	NA	NA	list()
132060501	835	48511	239	12317	0	0	34	2014	12317	239	4602	85	2511	44	NA	NA	NA	NA	NA	list()
132060502	2696	165486	526	25991	0	0	78	5168	25991	526	8931	186	3016	64	NA	NA	NA	NA	NA	list()
132060601	2053	120071	408	19605	0	0	66	4488	19605	408	4924	115	2120	47	NA	NA	NA	NA	NA	list()
132060602	1362	105462	152	10999	0	0	40	3132	10999	152	2653	42	1039	16	NA	NA	NA	NA	NA	list()
132060603	1509	88735	241	10788	0	0	51	3523	10788	241	2745	66	1514	30	NA	NA	NA	NA	NA	list()
132060604	1990	122241	259	12501	0	0	59	3678	12501	259	2461	55	1217	29	NA	NA	NA	NA	NA	list()
132070101	1811	137320	225	14218	0	0	82	6557	14218	225	3285	57	1596	26	NA	NA	NA	NA	NA	list()
132070102	1309	92768	143	8682	1	74	57	4601	8682	143	2680	46	1320	24	NA	NA	NA	NA	NA	list()
132070201	593	48631	56	4022	0	0	33	2194	4022	56	460	8	174	3	NA	NA	NA	NA	NA	list()
132070202	1318	99874	157	9950	1	74	120	7355	9950	157	2813	55	1132	25	NA	NA	NA	NA	NA	list()
132070203	1300	86900	127	7650	0	0	89	5902	7650	127	1555	30	685	13	NA	NA	NA	NA	NA	list()
132070301	361	13977	53	2227	0	0	143	5155	2227	53	1362	30	367	7	NA	NA	NA	NA	NA	list()
132070401	1091	67496	106	6457	0	0	45	3094	6457	106	962	16	649	9	NA	NA	NA	NA	NA	list()
132070402	1595	95426	182	10197	0	0	82	4689	10197	182	1646	34	538	12	NA	NA	NA	NA	NA	list()
132070403	933	52186	108	5834	0	0	39	2166	5834	108	1300	25	424	8	NA	NA	NA	NA	NA	list()
132070501	929	104901	93	8637	0	0	55	6323	8637	93	2208	24	1318	13	NA	NA	NA	NA	NA	list()
132070502	1038	95187	107	8856	0	0	70	6565	8856	107	2266	27	685	11	NA	NA	NA	NA	NA	list()
132070601	2180	114055	267	11416	0	0	102	4637	11416	267	3428	86	1384	36	NA	NA	NA	NA	NA	list()
132070602	1491	76732	198	9050	0	0	66	3223	9050	198	2084	49	595	15	NA	NA	NA	NA	NA	list()
132070603	1372	82190	142	7238	0	0	53	3198	7238	142	1651	33	689	15	NA	NA	NA	NA	NA	list()
132070604	1764	109080	177	8959	0	0	75	4828	8959	177	1669	36	599	13	NA	NA	NA	NA	NA	list()
132070701	2221	126208	296	14204	0	0	86	4892	14204	296	4209	90	1779	35	NA	NA	NA	NA	NA	list()
132070702	1286	71834	166	7792	0	0	55	3248	7792	166	1926	42	739	17	NA	NA	NA	NA	NA	list()
132070703	1569	94450	225	12291	0	0	98	6113	12291	225	3478	62	1773	33	NA	NA	NA	NA	NA	list()
132080101	1593	103624	198	11414	0	0	65	3948	11414	198	2635	47	1119	20	NA	NA	NA	NA	NA	list()
132080102	1642	109549	203	12235	0	0	56	3337	12235	203	3429	54	988	18	NA	NA	NA	NA	NA	list()
132080103	364	29691	35	2736	0	0	17	1427	2736	35	398	7	38	1	NA	NA	NA	NA	NA	list()
132080201	566	30158	103	4843	1	40	101	4471	4843	103	2352	50	1118	24	NA	NA	NA	NA	NA	list()
132080301	1188	73047	152	8482	0	0	42	2522	8482	152	2484	47	898	16	NA	NA	NA	NA	NA	list()
132080302	1580	119902	194	12362	0	0	83	5623	12362	194	2855	42	1178	20	NA	NA	NA	NA	NA	list()
132080303	455	35645	36	2421	0	0	32	2482	2421	36	1038	13	590	8	NA	NA	NA	NA	NA	list()
132080401	959	94063	129	10795	0	0	35	3608	10795	129	3053	38	1029	16	NA	NA	NA	NA	NA	list()
132080402	1008	90602	147	10378	0	0	41	4149	10378	147	1243	19	401	8	NA	NA	NA	NA	NA	list()
132080403	1948	176186	251	19394	0	0	83	8117	19394	251	4680	62	2315	32	NA	NA	NA	NA	NA	list()
132080404	875	85269	118	11419	0	0	23	2134	11419	118	3194	34	981	13	NA	NA	NA	NA	NA	list()
132080405	1273	135110	148	12747	0	0	60	6088	12747	148	3342	38	1066	10	NA	NA	NA	NA	NA	list()
132080406	1878	155190	265	18885	0	0	69	5174	18885	265	5377	82	1433	26	NA	NA	NA	NA	NA	list()
132080501	1708	130222	178	12522	0	0	107	7572	12522	178	4091	56	753	11	NA	NA	NA	NA	NA	list()
132080502	68	4456	10	770	0	0	14	847	770	10	106	2	51	1	NA	NA	NA	NA	NA	list()
132080601	1482	107659	161	9750	0	0	82	5189	9750	161	2500	38	789	12	NA	NA	NA	NA	NA	list()
132080602	898	63714	82	5832	0	0	21	1505	5832	82	1453	21	304	4	NA	NA	NA	NA	NA	list()
132080603	725	57156	54	4040	0	0	31	2284	4040	54	491	8	53	1	NA	NA	NA	NA	NA	list()
132080604	1062	72187	108	5769	0	0	35	2438	5769	108	1500	29	550	9	NA	NA	NA	NA	NA	list()
132080701	1598	99214	202	12497	0	0	61	3684	12497	202	4412	66	2753	40	NA	NA	NA	NA	NA	list()
132080702	2708	147663	379	18204	0	0	96	5429	18204	379	3675	79	1266	29	NA	NA	NA	NA	NA	list()
132080703	1843	120279	274	16386	0	0	30	2114	16386	274	3925	67	990	16	NA	NA	NA	NA	NA	list()
132080704	1971	119005	278	14450	0	0	66	3903	14450	278	3391	70	1714	37	NA	NA	NA	NA	NA	list()
132080801	1481	89607	286	15774	0	0	14	1152	15774	286	5072	94	892	19	NA	NA	NA	NA	NA	list()
132080802	972	65773	154	9481	0	0	7	383	9481	154	3928	66	1618	29	NA	NA	NA	NA	NA	list()
132080803	1458	107934	182	11979	0	0	46	3764	11979	182	2973	52	872	18	NA	NA	NA	NA	NA	list()
132080804	1602	108990	218	14758	0	0	63	4264	14758	218	2424	37	494	8	NA	NA	NA	NA	NA	list()
132080805	1892	153381	233	17088	0	0	66	5548	17088	233	3699	46	2162	24	NA	NA	NA	NA	NA	list()
132080806	549	65875	64	6271	0	0	21	2787	6271	64	1509	17	1258	13	NA	NA	NA	NA	NA	list()
132080901	1473	107653	141	9893	0	0	46	3299	9893	141	1256	20	355	5	NA	NA	NA	NA	NA	list()
132080902	1064	70283	102	6219	0	0	38	2072	6219	102	590	8	79	1	NA	NA	NA	NA	NA	list()
132080903	1686	117559	200	11350	0	0	41	2841	11350	200	1749	38	537	11	NA	NA	NA	NA	NA	list()
132080904	844	66514	89	6978	0	0	27	1945	6978	89	1356	21	489	7	NA	NA	NA	NA	NA	list()
132080905	1160	76147	265	15360	0	0	31	2082	15360	265	1593	28	167	3	NA	NA	NA	NA	NA	list()
132081001	1055	78647	81	5549	0	0	31	2180	5549	81	678	11	129	3	NA	NA	NA	NA	NA	list()
132081002	2034	126011	289	14137	0	0	70	4518	14137	289	2704	53	910	18	NA	NA	NA	NA	NA	list()
132081003	1191	83835	129	7888	0	0	44	3443	7888	129	991	16	308	4	NA	NA	NA	NA	NA	list()
132081004	572	39303	37	2599	0	0	6	581	2599	37	869	12	143	2	NA	NA	NA	NA	NA	list()
132090101	1393	99663	179	10173	0	0	36	2324	10173	179	3893	82	1919	53	NA	NA	NA	NA	NA	list()
132090102	1579	122554	116	8120	0	0	54	3907	8120	116	1358	21	286	5	NA	NA	NA	NA	NA	list()
132090103	40	3757	0	0	0	0	2	199	0	0	0	0	0	0	NA	NA	NA	NA	NA	list()
132090104	213	11083	15	599	0	0	36	1302	599	15	45	1	45	1	NA	NA	NA	NA	NA	list()
132090201	1627	121227	208	11911	0	0	64	5166	11911	208	876	13	398	6	NA	NA	NA	NA	NA	list()
132090202	1574	115322	139	9133	0	0	46	3795	9133	139	2270	28	969	8	NA	NA	NA	NA	NA	list()
132090203	1554	120238	122	8211	0	0	74	5834	8211	122	1680	26	409	10	NA	NA	NA	NA	NA	list()
132090204	1625	105858	144	8564	0	0	72	4922	8564	144	1870	30	840	13	NA	NA	NA	NA	NA	list()
132090301	20	1839	3	291	0	0	0	0	291	3	0	0	0	0	NA	NA	NA	NA	NA	list()
132090401	1693	121915	184	11189	0	0	57	4033	11189	184	1792	26	884	11	NA	NA	NA	NA	NA	list()
132090402	1505	108095	122	7523	0	0	26	2242	7523	122	2201	37	607	9	NA	NA	NA	NA	NA	list()
132090403	434	30875	31	2101	0	0	9	674	2101	31	51	1	0	0	NA	NA	NA	NA	NA	list()
132090404	1098	76813	89	5314	0	0	26	2149	5314	89	853	17	219	6	NA	NA	NA	NA	NA	list()
132090405	1186	70985	126	5975	0	0	39	2334	5975	126	1405	29	600	13	NA	NA	NA	NA	NA	list()
132090406	1099	77222	90	5432	0	0	31	2146	5432	90	1308	20	244	3	NA	NA	NA	NA	NA	list()
132090407	1072	76812	100	6377	1	77	16	1221	6377	100	1574	26	484	8	NA	NA	NA	NA	NA	list()
132090408	752	50654	53	3521	0	0	19	1268	3521	53	504	9	149	3	NA	NA	NA	NA	NA	list()
132090501	665	52057	54	3159	0	0	19	1384	3159	54	595	9	287	3	NA	NA	NA	NA	NA	list()
132090502	312	35117	18	1675	0	0	6	555	1675	18	178	3	99	1	NA	NA	NA	NA	NA	list()
132090503	74	5614	5	311	0	0	0	0	311	5	201	2	0	0	NA	NA	NA	NA	NA	list()
132090601	1654	116040	149	8301	0	0	27	1802	8301	149	1611	31	686	15	NA	NA	NA	NA	NA	list()
132090602	541	27140	44	2336	0	0	1	80	2336	44	1014	25	669	18	NA	NA	NA	NA	NA	list()
132090603	407	10698	19	614	0	0	1	140	614	19	194	3	75	1	NA	NA	NA	NA	NA	list()
132090701	1366	106493	102	7809	0	0	31	2391	7809	102	1509	19	586	7	NA	NA	NA	NA	NA	list()
132090702	855	61624	62	4551	0	0	12	950	4551	62	1402	21	460	8	NA	NA	NA	NA	NA	list()
132090703	567	47839	62	4872	0	0	23	2004	4872	62	2055	28	1096	15	NA	NA	NA	NA	NA	list()
132090704	1189	79627	159	7537	0	0	34	2441	7537	159	700	12	84	1	NA	NA	NA	NA	NA	list()
132090801	1401	89286	191	11791	0	0	47	3073	11791	191	2826	43	1263	19	NA	NA	NA	NA	NA	list()
132090802	643	40307	64	3851	0	0	29	1822	3851	64	493	8	266	4	NA	NA	NA	NA	NA	list()
132090803	1574	97574	147	8529	0	0	46	3054	8529	147	1986	37	592	11	NA	NA	NA	NA	NA	list()
132090804	587	44394	52	3537	0	0	18	1315	3537	52	836	13	517	7	NA	NA	NA	NA	NA	list()
132090805	718	47935	57	3498	0	0	21	1239	3498	57	585	11	50	1	NA	NA	NA	NA	NA	list()
132090806	1226	74190	117	6421	0	0	33	1724	6421	117	1256	21	520	8	NA	NA	NA	NA	NA	list()
132090807	1009	69012	117	6632	0	0	24	1693	6632	117	1735	33	566	12	NA	NA	NA	NA	NA	list()
132090808	2100	131373	199	12069	0	0	62	3681	12069	199	2204	36	847	13	NA	NA	NA	NA	NA	list()
132090809	1156	73607	175	7188	0	0	19	1340	7188	175	3110	110	1357	68	NA	NA	NA	NA	NA	list()
132090901	319	22538	37	1822	0	0	15	811	1822	37	719	13	467	8	NA	NA	NA	NA	NA	list()
132090902	31	1847	8	243	0	0	0	0	243	8	0	0	0	0	NA	NA	NA	NA	NA	list()
132100101	957	46900	206	6123	0	0	18	1002	6123	206	2069	90	661	33	NA	NA	NA	NA	NA	list()
132100102	1711	86982	285	13097	0	0	42	2100	13097	285	2937	65	837	23	NA	NA	NA	NA	NA	list()
132100103	2690	144917	356	16626	0	0	63	3528	16626	356	5017	118	1479	51	NA	NA	NA	NA	NA	list()
132100104	2208	121491	314	15293	0	0	67	3740	15293	314	4841	91	2123	41	NA	NA	NA	NA	NA	list()
132100201	2810	160411	346	17293	0	0	78	4720	17293	346	4530	104	1713	40	NA	NA	NA	NA	NA	list()
132100202	915	52996	117	6388	0	0	37	2220	6388	117	1688	31	955	15	NA	NA	NA	NA	NA	list()
132100301	1127	66167	105	6082	0	0	30	1857	6082	105	2204	35	1368	21	NA	NA	NA	NA	NA	list()
132100302	2818	144612	391	16959	0	0	67	3794	16959	391	4130	115	898	23	NA	NA	NA	NA	NA	list()
132100401	896	51815	125	5410	0	0	13	675	5410	125	3271	78	1795	46	NA	NA	NA	NA	NA	list()
132100402	1756	117766	193	11465	0	0	86	5700	11465	193	3542	63	1553	27	NA	NA	NA	NA	NA	list()
132100403	632	45831	57	4091	0	0	26	1800	4091	57	1251	17	368	5	NA	NA	NA	NA	NA	list()
132100404	703	55652	63	4943	0	0	6	464	4943	63	2500	31	1498	19	NA	NA	NA	NA	NA	list()
132100405	834	64173	60	4013	0	0	14	1007	4013	60	998	16	496	8	NA	NA	NA	NA	NA	list()
132100406	975	65660	123	6853	0	0	39	2396	6853	123	1346	29	375	12	NA	NA	NA	NA	NA	list()
132100407	1091	78707	79	5097	0	0	21	1445	5097	79	1213	20	331	7	NA	NA	NA	NA	NA	list()
132100408	437	32512	33	2164	0	0	12	956	2164	33	333	6	174	3	NA	NA	NA	NA	NA	list()
132100501	699	47797	47	3109	0	0	15	1140	3109	47	299	6	0	0	NA	NA	NA	NA	NA	list()
132100502	854	60144	59	4109	0	0	27	1771	4109	59	528	8	150	2	NA	NA	NA	NA	NA	list()
132100503	1680	100151	187	10631	0	0	45	2805	10631	187	1985	37	255	5	NA	NA	NA	NA	NA	list()
132100504	1077	79549	66	4416	0	0	20	1619	4416	66	520	9	173	4	NA	NA	NA	NA	NA	list()
132100505	666	47979	42	2675	0	0	23	1702	2675	42	767	13	130	2	NA	NA	NA	NA	NA	list()
132100506	1900	120663	189	10763	0	0	77	4969	10763	189	2219	37	434	7	NA	NA	NA	NA	NA	list()
132100601	1176	71515	196	12512	0	0	17	912	12512	196	6231	90	855	14	NA	NA	NA	NA	NA	list()
132100602	2398	116744	367	14816	0	0	62	2958	14816	367	2560	64	1220	31	NA	NA	NA	NA	NA	list()
132100603	159	9737	24	1213	0	0	6	356	1213	24	202	5	202	5	NA	NA	NA	NA	NA	list()
132110101	838	80981	65	5152	0	0	29	2377	5152	65	964	15	610	8	NA	NA	NA	NA	NA	list()
132110201	1060	76027	97	5484	0	0	37	2936	5484	97	2039	37	988	19	NA	NA	NA	NA	NA	list()
132110202	56	4063	8	518	0	0	6	537	518	8	140	2	80	1	NA	NA	NA	NA	NA	list()
132110301	2202	197845	174	11685	0	0	81	6796	11685	174	2209	35	845	16	NA	NA	NA	NA	NA	list()
132110401	697	73024	54	4152	0	0	32	3332	4152	54	1004	16	350	5	NA	NA	NA	NA	NA	list()
132110501	1114	87491	119	8467	0	0	29	2056	8467	119	2471	38	1168	19	NA	NA	NA	NA	NA	list()
132110502	31	2757	2	190	0	0	0	0	190	2	0	0	0	0	NA	NA	NA	NA	NA	list()
132110601	1276	98093	183	11981	2	176	4	288	11981	183	5320	89	1772	36	NA	NA	NA	NA	NA	list()
132110602	57	4450	5	319	0	0	2	222	319	5	143	2	76	1	NA	NA	NA	NA	NA	list()
132110603	653	44878	47	2827	0	0	12	901	2827	47	556	11	223	4	NA	NA	NA	NA	NA	list()
132110604	1485	100934	141	8675	1	57	46	3264	8675	141	1613	20	358	6	NA	NA	NA	NA	NA	list()
132110605	830	55872	84	4974	0	0	37	2429	4974	84	1477	23	809	13	NA	NA	NA	NA	NA	list()
132110606	1227	75534	147	8254	0	0	26	1515	8254	147	2937	53	682	13	NA	NA	NA	NA	NA	list()
132110607	770	49847	92	5640	0	0	91	5441	5640	92	826	12	334	5	NA	NA	NA	NA	NA	list()
132110608	1481	109220	107	7317	0	0	36	2593	7317	107	1834	26	204	3	NA	NA	NA	NA	NA	list()
132110609	687	50398	56	3790	0	0	14	879	3790	56	953	14	378	5	NA	NA	NA	NA	NA	list()
132110701	1018	64237	118	6432	0	0	58	3760	6432	118	1902	36	746	15	NA	NA	NA	NA	NA	list()
132110702	843	45025	159	7014	0	0	22	1053	7014	159	2407	52	1176	22	NA	NA	NA	NA	NA	list()
132110703	874	59174	37	2346	0	0	9	815	2346	37	542	8	168	3	NA	NA	NA	NA	NA	list()
132110704	1544	116625	138	9153	0	0	58	4637	9153	138	4058	59	2357	35	NA	NA	NA	NA	NA	list()
132110705	567	32608	54	2626	0	0	18	1183	2626	54	613	15	252	7	NA	NA	NA	NA	NA	list()
132110706	125	9370	12	873	0	0	9	725	873	12	197	4	0	0	NA	NA	NA	NA	NA	list()
132110801	1162	94711	109	7837	0	0	45	3477	7837	109	2771	35	1131	12	NA	NA	NA	NA	NA	list()
132110802	238	19857	34	2801	0	0	19	1436	2801	34	1642	17	1328	14	NA	NA	NA	NA	NA	list()
132110901	416	41893	31	2665	0	0	25	2268	2665	31	775	9	294	5	NA	NA	NA	NA	NA	list()
132111001	585	38842	62	4158	0	0	13	928	4158	62	1734	26	536	8	NA	NA	NA	NA	NA	list()
132111002	660	46566	62	4001	0	0	17	1244	4001	62	757	12	103	2	NA	NA	NA	NA	NA	list()
132111003	2030	135023	198	12413	0	0	28	1890	12413	198	4395	69	1894	28	NA	NA	NA	NA	NA	list()
132111004	216	16593	15	1135	0	0	7	417	1135	15	340	4	117	2	NA	NA	NA	NA	NA	list()
132111005	737	54746	102	7213	0	0	3	157	7213	102	1979	28	195	3	NA	NA	NA	NA	NA	list()
132111101	1630	127782	138	8830	0	0	38	2932	8830	138	1747	30	748	13	NA	NA	NA	NA	NA	list()
132111102	148	10557	8	479	0	0	8	775	479	8	111	3	111	3	NA	NA	NA	NA	NA	list()
132120101	2618	200702	214	14772	0	0	70	5874	14772	214	3336	46	1119	18	NA	NA	NA	NA	NA	list()
132120102	1018	66421	102	6286	0	0	22	1462	6286	102	1267	21	441	8	NA	NA	NA	NA	NA	list()
132120103	1650	94842	274	14567	0	0	15	1011	14567	274	4917	102	3411	73	NA	NA	NA	NA	NA	list()
132120201	2405	169383	238	15272	0	0	64	4099	15272	238	3349	52	1403	23	NA	NA	NA	NA	NA	list()
132120202	2098	154009	178	12433	0	0	34	2487	12433	178	2200	32	771	11	NA	NA	NA	NA	NA	list()
132120301	891	62036	87	5254	0	0	28	2104	5254	87	1938	34	1124	18	NA	NA	NA	NA	NA	list()
132120302	1349	93728	109	6325	0	0	38	2113	6325	109	1741	29	480	9	NA	NA	NA	NA	NA	list()
132120303	1502	121349	142	9661	0	0	46	3530	9661	142	1655	21	699	11	NA	NA	NA	NA	NA	list()
132120304	1496	93855	150	8766	0	0	36	2384	8766	150	1660	28	612	10	NA	NA	NA	NA	NA	list()
132120305	1007	77078	77	4813	0	0	26	1681	4813	77	430	9	155	3	NA	NA	NA	NA	NA	list()
132120401	1054	77782	88	5450	0	0	27	1730	5450	88	820	17	414	9	NA	NA	NA	NA	NA	list()
132120402	1226	85380	148	8691	0	0	41	3320	8691	148	1376	27	624	11	NA	NA	NA	NA	NA	list()
132120403	1129	82151	105	5643	1	65	30	2350	5643	105	634	12	274	3	NA	NA	NA	NA	NA	list()
132120404	1694	104425	147	8859	0	0	37	2432	8859	147	1904	33	551	9	NA	NA	NA	NA	NA	list()
132120405	723	49005	89	6197	0	0	27	1860	6197	89	1170	14	238	3	NA	NA	NA	NA	NA	list()
132120406	1104	83897	95	6121	0	0	31	2005	6121	95	1675	28	830	13	NA	NA	NA	NA	NA	list()
132120501	2280	153203	169	10557	0	0	47	3157	10557	169	1958	29	746	9	NA	NA	NA	NA	NA	list()
132120601	968	74731	76	5264	0	0	31	2541	5264	76	966	14	286	4	NA	NA	NA	NA	NA	list()
132120602	1542	118210	168	11338	0	0	72	5722	11338	168	2268	33	1131	15	NA	NA	NA	NA	NA	list()
132120603	1148	95460	106	7288	0	0	41	3272	7288	106	1933	30	1063	17	NA	NA	NA	NA	NA	list()
132120604	1353	103980	127	7649	0	0	50	3921	7649	127	1726	29	889	14	NA	NA	NA	NA	NA	list()
132120701	1749	145509	153	11324	0	0	99	9038	11324	153	1961	31	940	16	NA	NA	NA	NA	NA	list()
132120702	1723	141405	147	9937	0	0	66	5419	9937	147	2056	29	846	12	NA	NA	NA	NA	NA	list()
132130102	2846	170540	212	12265	0	0	68	5143	12265	212	2010	44	959	26	NA	NA	NA	NA	NA	list()
132130103	1929	133064	170	9724	0	0	40	3372	9724	170	2141	38	1254	22	NA	NA	NA	NA	NA	list()
132130201	1682	123321	128	8489	0	0	56	4462	8489	128	1909	27	447	8	NA	NA	NA	NA	NA	list()
132130202	1651	106463	142	8784	0	0	20	1235	8784	142	1778	26	552	8	NA	NA	NA	NA	NA	list()
132130301	787	54094	124	8354	0	0	2	129	8354	124	2663	40	989	15	NA	NA	NA	NA	NA	list()
132130302	1875	116047	249	14054	0	0	52	3103	14054	249	2833	47	886	15	NA	NA	NA	NA	NA	list()
132130303	1592	99316	174	10081	1	64	21	1461	10081	174	3328	58	1721	29	NA	NA	NA	NA	NA	list()
132130304	96	6232	8	488	0	0	0	0	488	8	0	0	0	0	NA	NA	NA	NA	NA	list()
132130401	661	71285	29	2936	0	0	27	2555	2936	29	696	10	508	7	NA	NA	NA	NA	NA	list()
132130501	863	76302	36	2499	0	0	18	1657	2499	36	615	10	399	6	NA	NA	NA	NA	NA	list()
132130601	1050	72928	96	6184	0	0	35	2752	6184	96	1220	21	586	10	NA	NA	NA	NA	NA	list()
132130602	1088	90088	112	8345	0	0	23	2242	8345	112	1795	26	372	5	NA	NA	NA	NA	NA	list()
132130603	1043	66458	129	7090	0	0	20	1589	7090	129	1775	33	779	14	NA	NA	NA	NA	NA	list()
132130604	792	62713	86	6997	0	0	26	2337	6997	86	1898	24	555	6	NA	NA	NA	NA	NA	list()
132130605	1341	102584	151	7984	0	0	47	3747	7984	151	2385	66	1534	51	NA	NA	NA	NA	NA	list()
132130607	1209	84711	186	11842	0	0	37	2561	11842	186	4521	72	2973	49	NA	NA	NA	NA	NA	list()
132130701	1037	94975	65	5714	0	0	29	2668	5714	65	1345	18	640	9	NA	NA	NA	NA	NA	list()
132130802	696	49982	65	4654	0	0	1	47	4654	65	1768	25	239	3	NA	NA	NA	NA	NA	list()
132130803	905	60298	85	5653	0	0	8	508	5653	85	2254	33	594	9	NA	NA	NA	NA	NA	list()
132130804	1487	96337	145	8617	0	0	39	2760	8617	145	2084	36	545	9	NA	NA	NA	NA	NA	list()
132130805	1425	95922	235	14698	0	0	26	1895	14698	235	4494	69	2246	33	NA	NA	NA	NA	NA	list()
132130806	1440	95045	268	14767	0	0	0	0	14767	268	8139	165	4969	112	NA	NA	NA	NA	NA	list()
132130901	332	23651	38	2638	0	0	0	0	2638	38	626	10	65	1	NA	NA	NA	NA	NA	list()
132130902	1824	103526	284	17962	0	0	26	1807	17962	284	8294	124	4661	68	NA	NA	NA	NA	NA	list()
132130903	1226	78510	132	7003	0	0	36	2377	7003	132	2237	43	1017	19	NA	NA	NA	NA	NA	list()
132130904	1480	86815	135	6317	0	0	23	1846	6317	135	611	14	391	8	NA	NA	NA	NA	NA	list()
132131001	1113	67164	300	16565	0	0	9	619	16565	300	8308	141	3344	60	NA	NA	NA	NA	NA	list()
132131002	1693	110064	236	14541	0	0	51	3628	14541	236	2541	51	1105	25	NA	NA	NA	NA	NA	list()
132131003	693	46723	89	5449	0	0	26	1655	5449	89	1051	20	484	9	NA	NA	NA	NA	NA	list()
132131004	1776	96762	246	11961	0	0	32	2106	11961	246	3085	63	983	19	NA	NA	NA	NA	NA	list()
132131005	995	66545	160	9970	0	0	45	3365	9970	160	1937	33	772	9	NA	NA	NA	NA	NA	list()
132131006	617	39265	81	5012	0	0	14	806	5012	81	644	11	0	0	NA	NA	NA	NA	NA	list()
132131101	1200	84688	112	7771	0	0	23	1790	7771	112	2660	36	1194	17	NA	NA	NA	NA	NA	list()
132131102	746	56258	57	3792	0	0	11	936	3792	57	852	14	0	0	NA	NA	NA	NA	NA	list()
132131103	1820	153625	130	9139	0	0	67	5876	9139	130	1452	19	774	10	NA	NA	NA	NA	NA	list()
132140101	1152	75421	215	14131	0	0	12	640	14131	215	7138	103	3479	47	NA	NA	NA	NA	NA	list()
132140102	375	24680	63	4075	0	0	8	523	4075	63	1425	22	57	1	NA	NA	NA	NA	NA	list()
132140103	402	27257	55	3428	0	0	0	0	3428	55	1771	27	467	7	NA	NA	NA	NA	NA	list()
132140201	1411	79964	186	10129	0	0	17	1099	10129	186	2550	50	573	10	NA	NA	NA	NA	NA	list()
132140202	1509	82492	261	13056	0	0	41	2365	13056	261	4364	89	1429	34	NA	NA	NA	NA	NA	list()
132140203	985	55438	270	14898	0	0	14	806	14898	270	4488	81	1894	34	NA	NA	NA	NA	NA	list()
132140204	758	43230	141	7462	0	0	45	2290	7462	141	2098	40	708	14	NA	NA	NA	NA	NA	list()
132140205	1091	64309	245	13772	0	0	39	2241	13772	245	2946	59	1389	29	NA	NA	NA	NA	NA	list()
132140301	1431	85889	272	15716	0	0	21	1173	15716	272	6793	115	2839	49	NA	NA	NA	NA	NA	list()
132140302	1417	66869	434	16849	0	0	8	381	16849	434	5372	108	2304	48	NA	NA	NA	NA	NA	list()
132140303	1385	73796	251	12214	0	0	46	2312	12214	251	3352	75	1574	36	NA	NA	NA	NA	NA	list()
132140401	1102	97573	70	5690	0	0	58	5253	5690	70	1030	13	524	6	NA	NA	NA	NA	NA	list()
132140402	1730	103662	262	12828	0	0	34	2309	12828	262	4282	76	1893	28	NA	NA	NA	NA	NA	list()
132140403	593	36984	86	5013	0	0	8	559	5013	86	2064	38	264	5	NA	NA	NA	NA	NA	list()
132140404	1888	112258	325	15583	0	0	20	1374	15583	325	5869	127	1603	36	NA	NA	NA	NA	NA	list()
132140405	6	478	2	130	0	0	0	0	130	2	25	1	25	1	NA	NA	NA	NA	NA	list()
132140501	539	38960	404	29278	0	0	0	0	29278	404	24557	341	19233	270	NA	NA	NA	NA	NA	list()
132140502	1663	97458	262	14670	0	0	32	1977	14670	262	4087	77	1418	26	NA	NA	NA	NA	NA	list()
132140503	928	55943	226	12755	0	0	8	348	12755	226	6237	104	3738	59	NA	NA	NA	NA	NA	list()
132140504	985	66603	198	12644	0	0	5	401	12644	198	4476	75	1873	32	NA	NA	NA	NA	NA	list()
132140505	714	46659	138	8275	0	0	0	0	8275	138	5176	88	2661	46	NA	NA	NA	NA	NA	list()
132140506	578	39969	102	6972	0	0	0	0	6972	102	3049	46	755	13	NA	NA	NA	NA	NA	list()
132140507	1096	66795	216	12828	0	0	15	987	12828	216	5080	89	1244	26	NA	NA	NA	NA	NA	list()
132140601	978	63502	174	10837	0	0	15	985	10837	174	4268	66	1579	26	NA	NA	NA	NA	NA	list()
132140602	1045	74740	231	13636	0	0	36	2379	13636	231	4036	62	1680	28	NA	NA	NA	NA	NA	list()
132140603	11	1084	0	0	0	0	2	140	0	0	0	0	0	0	NA	NA	NA	NA	NA	list()
132140701	2532	168184	495	29259	0	0	58	4348	29259	495	10170	158	4951	76	NA	NA	NA	NA	NA	list()
132140702	210	11532	29	1402	0	0	4	331	1402	29	682	14	363	7	NA	NA	NA	NA	NA	list()
132140703	0	0	0	0	0	0	0	0	0	0	0	0	0	0	NA	NA	NA	NA	NA	list()
132150101	959	65998	120	8317	0	0	12	726	8317	120	2180	29	677	10	NA	NA	NA	NA	NA	list()
132150102	1178	86318	87	6157	0	0	19	1358	6157	87	775	12	84	1	NA	NA	NA	NA	NA	list()
132150103	858	60895	116	6702	0	0	31	2079	6702	116	2147	38	958	17	NA	NA	NA	NA	NA	list()
132150104	28	2836	6	410	0	0	0	0	410	6	80	1	80	1	NA	NA	NA	NA	NA	list()
132150201	729	51609	428	28911	0	0	1	90	28911	428	24332	365	11812	179	NA	NA	NA	NA	NA	list()
132150202	796	57842	144	8552	0	0	25	1418	8552	144	1482	31	571	16	NA	NA	NA	NA	NA	list()
132150301	1457	74261	301	13084	0	0	23	1332	13084	301	6241	145	2198	58	NA	NA	NA	NA	NA	list()
132150302	1526	71027	285	11401	0	0	30	1226	11401	285	4204	112	1962	54	NA	NA	NA	NA	NA	list()
132150303	1518	79330	355	17093	0	0	17	1042	17093	355	6381	139	3064	64	NA	NA	NA	NA	NA	list()
132150304	225	10112	50	1992	0	0	3	111	1992	50	797	17	310	7	NA	NA	NA	NA	NA	list()
132150401	1693	102296	225	13456	0	0	29	1768	13456	225	4347	72	1097	19	NA	NA	NA	NA	NA	list()
132150402	975	58916	126	6662	0	0	28	1661	6662	126	2199	46	792	16	NA	NA	NA	NA	NA	list()
132150501	294	13453	126	5771	0	0	9	301	5771	126	2681	61	1241	30	NA	NA	NA	NA	NA	list()
132150502	1411	65757	384	16225	0	0	21	982	16225	384	8621	203	3374	81	NA	NA	NA	NA	NA	list()
132150601	775	52155	68	4221	0	0	23	1535	4221	68	633	12	221	5	NA	NA	NA	NA	NA	list()
132150602	950	62959	168	9898	0	0	18	1212	9898	168	3308	61	1603	32	NA	NA	NA	NA	NA	list()
132150603	507	40462	42	3421	0	0	17	1386	3421	42	640	8	170	2	NA	NA	NA	NA	NA	list()
132150604	166	10230	54	867	0	0	0	0	867	54	422	4	106	1	NA	NA	NA	NA	NA	list()
132150701	869	66541	98	7029	0	0	5	583	7029	98	4689	66	3501	50	NA	NA	NA	NA	NA	list()
132150702	611	40884	198	11964	0	0	12	743	11964	198	8612	142	4344	73	NA	NA	NA	NA	NA	list()
132150703	1277	94798	193	12570	0	0	24	1745	12570	193	5192	80	1102	18	NA	NA	NA	NA	NA	list()
132150705	1332	91966	153	9921	0	0	57	3627	9921	153	2937	46	725	10	NA	NA	NA	NA	NA	list()
132150706	71	5492	14	1314	0	0	0	0	1314	14	929	9	290	3	NA	NA	NA	NA	NA	list()
132150801	853	56030	139	8784	0	0	17	971	8784	139	1441	27	428	9	NA	NA	NA	NA	NA	list()
132150802	1104	69743	248	8327	0	0	17	1226	8327	248	4049	174	2534	130	NA	NA	NA	NA	NA	list()
132150803	1367	92681	187	10491	0	0	39	2201	10491	187	2767	48	1032	19	NA	NA	NA	NA	NA	list()
132150901	2507	141701	367	17884	0	0	51	2709	17884	367	4866	109	1302	31	NA	NA	NA	NA	NA	list()
132150902	1446	74303	358	17604	0	0	8	382	17604	358	7611	156	2235	46	NA	NA	NA	NA	NA	list()
132150903	1696	88972	294	14162	0	0	46	2318	14162	294	5091	106	2694	56	NA	NA	NA	NA	NA	list()
132151001	770	55166	165	11565	0	0	7	522	11565	165	5199	75	756	11	NA	NA	NA	NA	NA	list()
132151002	1279	95921	238	16101	0	0	11	834	16101	238	8354	135	2483	40	NA	NA	NA	NA	NA	list()
132151003	982	76340	74	5096	0	0	39	2865	5096	74	1337	24	841	14	NA	NA	NA	NA	NA	list()
132151101	153	9952	15	878	0	0	1	43	878	15	0	0	0	0	NA	NA	NA	NA	NA	list()
132151102	2638	161761	341	18465	0	0	42	2845	18465	341	6899	135	3916	73	NA	NA	NA	NA	NA	list()
132160101	900	58165	110	6712	0	0	52	3027	6712	110	2989	51	1732	26	NA	NA	NA	NA	NA	list()
132160102	888	56119	120	7261	0	0	37	2263	7261	120	1366	25	524	9	NA	NA	NA	NA	NA	list()
132160103	1086	68431	137	7789	0	0	45	2723	7789	137	1998	36	1053	19	NA	NA	NA	NA	NA	list()
132160104	170	12319	35	2235	0	0	8	571	2235	35	1074	18	618	10	NA	NA	NA	NA	NA	list()
132160105	197	14072	8	413	0	0	15	922	413	8	107	3	77	2	NA	NA	NA	NA	NA	list()
132160201	541	32935	72	3822	0	0	41	2076	3822	72	1023	21	345	6	NA	NA	NA	NA	NA	list()
132160301	1485	83167	279	13238	0	0	43	2465	13238	279	4442	94	1726	36	NA	NA	NA	NA	NA	list()
132160302	417	27223	46	2929	0	0	10	462	2929	46	1792	27	858	11	NA	NA	NA	NA	NA	list()
132160401	1390	91031	143	7892	0	0	40	2416	7892	143	2848	55	1444	29	NA	NA	NA	NA	NA	list()
132160402	57	3750	12	602	0	0	1	68	602	12	152	3	20	1	NA	NA	NA	NA	NA	list()
132160403	1356	96295	118	7682	0	0	41	2707	7682	118	2789	46	1408	24	NA	NA	NA	NA	NA	list()
831200000	3097	262586	224	13749	0	0	174	14650	13749	224	2642	43	1344	22	NA	NA	NA	NA	NA	list()
840890101	2021	114580	421	22187	0	0	62	3538	22187	421	8544	158	4994	96	NA	NA	NA	NA	NA	list()
840890102	1480	101745	200	11613	0	0	46	3514	11613	200	3581	53	1772	21	NA	NA	NA	NA	NA	list()
840890103	1577	129940	112	7185	0	0	49	4265	7185	112	1830	23	665	7	NA	NA	NA	NA	NA	list()
840890104	1368	120989	82	6197	0	0	32	2922	6197	82	1345	14	599	4	NA	NA	NA	NA	NA	list()
840890201	1830	159836	130	9794	0	0	64	5553	9794	130	1715	25	765	12	NA	NA	NA	NA	NA	list()
840890202	1490	122724	131	8960	0	0	24	2186	8960	131	2249	34	961	14	NA	NA	NA	NA	NA	list()
840890203	1593	145804	136	10529	0	0	63	6560	10529	136	2982	40	842	11	NA	NA	NA	NA	NA	list()
NA	2076	160201	222	16092	0	0	129	12539	16092	222	4211	58	2466	32	NA	NA	NA	NA	NA	list()
